village_id,model_ent_1988,data_ent_1988,model_ent_1990,data_ent_1990,model_ent_1992,data_ent_1992,model_ent_1994,data_ent_1994,model_ent_1996,data_ent_1996
 7010311,0.067074,0.000000,0.071264,0.023256,0.066701,0.021277,0.067454,0.020408,0.068069,0.022742
 7010701,0.067074,0.055556,0.071264,0.000000,0.066701,0.107143,0.067454,0.060976,0.068069,0.067727
 7010810,0.035583,0.000000,0.044388,0.000000,0.049845,0.000000,0.052766,0.000000,0.053465,0.003062
 7010813,0.057307,0.184783,0.056296,0.178947,0.055365,0.097561,0.054482,0.000000,0.053603,0.156915
 7011001,0.067074,0.000000,0.071264,0.037500,0.066701,0.022989,0.067454,0.000000,0.068069,0.026327
 7011002,0.042897,0.000000,0.048541,0.031496,0.051682,0.000000,0.053558,0.000000,0.053507,0.058570
 7011003,0.045274,0.000000,0.050032,0.041237,0.052540,0.000000,0.053933,0.000000,0.053513,0.025702
 7011009,0.049816,0.000000,0.052428,0.000000,0.053780,0.000000,0.054362,0.000000,0.053536,0.018429
 7011010,0.057243,0.000000,0.056268,0.000000,0.055360,0.000000,0.054479,0.000000,0.053602,0.027323
 7011011,0.048129,0.043478,0.051481,0.027027,0.053370,0.000000,0.054292,0.000000,0.053532,0.028710
 7011201,0.057124,0.042254,0.056182,0.000000,0.055308,0.054054,0.054451,0.000000,0.053597,0.059280
 7011202,0.058239,0.031250,0.056812,0.000000,0.055659,0.073529,0.054645,0.000000,0.053710,0.081641
 7011203,0.058070,0.033898,0.056734,0.116667,0.055617,0.032787,0.054622,0.000000,0.053690,0.261628
 7011208,0.057132,0.000000,0.056202,0.000000,0.055309,0.014925,0.054452,0.014493,0.053598,0.015288
 7011212,0.057082,0.080000,0.056159,0.123457,0.055297,0.045872,0.054447,0.040984,0.053597,0.040911
 7011301,0.067074,0.026667,0.071264,0.029412,0.066701,0.000000,0.067454,0.000000,0.068069,0.001972
 7011307,0.067074,0.000000,0.071264,0.000000,0.066701,0.000000,0.067454,0.000000,0.068069,0.003931
 7011403,0.057028,0.000000,0.056154,0.055556,0.055284,0.095238,0.054433,0.000000,0.053580,0.004994
 7011407,0.057821,0.000000,0.056591,0.000000,0.055531,0.028436,0.054572,0.000000,0.053666,0.001295
 7011409,0.067074,0.026667,0.071264,0.041667,0.066701,0.063492,0.067454,0.070175,0.068069,0.791150
 7011505,0.067074,0.000000,0.071264,0.000000,0.066701,0.033333,0.067454,0.000000,0.068069,0.133192
 7011601,0.050395,0.075758,0.052447,0.000000,0.053789,0.075758,0.054364,0.000000,0.053537,0.072478
 7011602,0.042336,0.072289,0.048072,0.033333,0.051678,0.019417,0.053558,0.000000,0.053507,0.111331
 7011702,0.057689,0.033333,0.056497,0.028571,0.055491,0.000000,0.054552,0.026316,0.053646,0.023665
 7011708,0.067074,0.066667,0.071264,0.086420,0.066701,0.076923,0.067454,0.089744,0.068069,0.074942
 7011710,0.040514,0.000000,0.047508,0.000000,0.051226,0.000000,0.053183,0.000000,0.053488,0.005148
 7011805,0.057182,0.000000,0.056221,0.023256,0.055325,0.027523,0.054453,0.107143,0.053600,0.023665
 7011907,0.047560,0.032258,0.051011,0.030303,0.053362,0.023256,0.054291,0.000000,0.053532,0.467259
 7020901,0.057472,0.145299,0.056387,0.100840,0.055413,0.081081,0.054505,0.072727,0.053624,0.072731
 7020902,0.067074,0.024096,0.071264,0.012195,0.066701,0.000000,0.067454,0.000000,0.068069,0.001861
 7020903,0.048687,0.000000,0.051488,0.000000,0.053372,0.000000,0.054291,0.063492,0.053533,0.066895
 7040506,0.057338,0.113208,0.056291,0.037288,0.055363,0.091667,0.054481,0.091667,0.053603,0.777340
 7040509,0.047555,0.060606,0.051008,0.000000,0.053361,0.000000,0.054291,0.000000,0.053532,0.013837
 7040601,0.050395,0.014493,0.052447,0.007143,0.053789,0.000000,0.054364,0.000000,0.053537,0.901915
 7040606,0.067074,0.065574,0.071264,0.016393,0.066701,0.016129,0.067454,0.000000,0.068069,0.828087
 7040608,0.067074,0.000000,0.071264,0.000000,0.066701,0.000000,0.067454,0.000000,0.068069,0.774971
 7040801,0.057503,0.000000,0.056403,0.041667,0.055434,0.000000,0.054525,0.000000,0.053641,0.003442
 7040804,0.057545,0.019608,0.056431,0.020408,0.055441,0.000000,0.054529,0.000000,0.053642,0.003062
 7050303,0.067074,0.020619,0.071264,0.052083,0.066701,0.000000,0.067454,0.028302,0.068069,0.001535
 7050501,0.057399,0.210526,0.056352,0.072464,0.055412,0.000000,0.054504,0.112782,0.053623,0.063826
 7050601,0.067074,0.031250,0.071264,0.000000,0.066701,0.008000,0.067454,0.000000,0.068069,0.071455
 7050602,0.057182,0.000000,0.056220,0.000000,0.055318,0.049180,0.054456,0.000000,0.053599,0.062622
 7050603,0.042336,0.000000,0.048072,0.021505,0.051678,0.020833,0.053558,0.000000,0.053507,0.033523
 7050604,0.057706,0.000000,0.056507,0.020408,0.055487,0.025641,0.054551,0.000000,0.053647,0.052476
 7050703,0.057162,0.135135,0.056209,0.012500,0.055313,0.000000,0.054454,0.000000,0.053599,0.061923
 7050704,0.057182,0.066667,0.056221,0.037736,0.055325,0.000000,0.054453,0.000000,0.053600,0.003442
 7050801,0.067074,0.102804,0.071264,0.168224,0.066701,0.000000,0.067454,0.000000,0.068069,0.001995
 7050804,0.057307,0.054688,0.056296,0.000000,0.055365,0.000000,0.054482,0.068966,0.053603,0.026769
 7051101,0.067074,0.000000,0.071264,0.021739,0.066701,0.000000,0.067454,0.000000,0.068069,0.024666
 7051102,0.067074,0.000000,0.071264,0.111111,0.066701,0.000000,0.067454,0.054054,0.068069,0.041508
 7051103,0.067074,0.000000,0.071264,0.000000,0.066701,0.000000,0.067454,0.061224,0.068069,0.021601
 7051104,0.057307,0.253731,0.056296,0.488372,0.055365,0.000000,0.054482,0.000000,0.053603,0.045816
 7051202,0.057822,0.000000,0.056592,0.015873,0.055532,0.028571,0.054572,0.015873,0.053666,0.015700
 7051203,0.057559,0.018519,0.056439,0.033898,0.055444,0.031250,0.054530,0.000000,0.053642,0.002365
 7051204,0.057182,0.000000,0.056220,0.000000,0.055318,0.000000,0.054456,0.000000,0.053599,0.004231
 7051205,0.054821,0.000000,0.054777,0.076923,0.054997,0.074074,0.054407,0.074074,0.053575,0.037283
 7051301,0.037500,0.011236,0.045481,0.000000,0.050328,0.000000,0.052786,0.000000,0.053467,0.029791
 7051302,0.057430,0.013986,0.056349,0.016529,0.055410,0.000000,0.054504,0.000000,0.053623,0.053276
 7051303,0.056998,0.006024,0.056137,0.000000,0.055275,0.036810,0.054430,0.000000,0.053579,0.000959
 7051304,0.039313,0.000000,0.046383,0.000000,0.050715,0.000000,0.053134,0.000000,0.053482,0.001429
 7051402,0.052057,0.000000,0.053382,0.000000,0.054586,0.050725,0.054384,0.044586,0.053556,0.044159
 7051403,0.057361,0.095652,0.056320,0.034722,0.055383,0.024845,0.054481,0.000000,0.053604,0.024324
 7051502,0.049816,0.000000,0.052428,0.006897,0.053780,0.000000,0.054362,0.000000,0.053536,0.013950
 7051504,0.050395,0.069767,0.052447,0.000000,0.053789,0.000000,0.054364,0.000000,0.053537,0.010386
 7051601,0.057082,0.010753,0.056159,0.040816,0.055297,0.000000,0.054447,0.000000,0.053597,0.011629
 7051602,0.057515,0.027027,0.056403,0.064935,0.055434,0.012500,0.054526,0.011905,0.053641,0.013675
 7051603,0.052057,0.048077,0.053382,0.064516,0.054586,0.067308,0.054384,0.066038,0.053556,0.060079
 7051604,0.057162,0.023256,0.056209,0.000000,0.055313,0.000000,0.054454,0.000000,0.053599,0.004026
 7060102,0.055372,0.000000,0.055227,0.000000,0.055252,0.000000,0.054408,0.000000,0.053576,0.001861
 7060203,0.067074,0.000000,0.071264,0.000000,0.066701,0.000000,0.067454,0.000000,0.068069,0.001113
 7060205,0.067074,0.006250,0.071264,0.006098,0.066701,0.013245,0.067454,0.006803,0.068069,0.007812
 7060208,0.067074,0.012500,0.071264,0.000000,0.066701,0.082474,0.067454,0.004566,0.068069,0.007869
 7060302,0.058011,0.085859,0.056673,0.076190,0.055582,0.026906,0.054598,0.031746,0.053671,0.070358
 7060303,0.067074,0.007634,0.071264,0.068182,0.066701,0.054264,0.067454,0.062016,0.068069,0.100315
 7060304,0.067074,0.108553,0.071264,0.084337,0.066701,0.077419,0.067454,0.102041,0.068069,0.100552
 7060305,0.067074,0.033333,0.071264,0.032609,0.066701,0.032967,0.067454,0.027778,0.068069,0.041508
 7060601,0.054279,0.000000,0.054770,0.129032,0.054994,0.000000,0.054406,0.000000,0.053574,0.001454
 7060604,0.067074,0.204918,0.071264,0.000000,0.066701,0.038462,0.067454,0.035971,0.068069,0.034607
 7060605,0.054821,0.057471,0.054777,0.053763,0.054997,0.058824,0.054407,0.051020,0.053575,0.021601
 7060606,0.057399,0.050955,0.056352,0.078788,0.055412,0.030303,0.054504,0.000000,0.053623,0.019632
 7060607,0.050395,0.075269,0.052447,0.096774,0.053789,0.000000,0.054364,0.000000,0.053537,0.001370
 7060608,0.050395,0.102564,0.052447,0.011364,0.053789,0.012500,0.054364,0.000000,0.053537,0.012369
 7060609,0.054828,0.080808,0.054780,0.040650,0.054999,0.028302,0.054408,0.000000,0.053574,0.022735
 7090106,0.049838,0.029851,0.052440,0.025974,0.053785,0.000000,0.054363,0.000000,0.053536,0.001926
27010309,0.037480,0.041176,0.045470,0.023438,0.050323,0.000000,0.052785,0.025157,0.053467,0.023309
27010402,0.067074,0.012500,0.071264,0.034146,0.066701,0.010152,0.067454,0.000000,0.068069,0.012054
27010407,0.033681,0.021739,0.043787,0.054348,0.049361,0.000000,0.052361,0.000000,0.053460,0.000556
27010408,0.034966,0.000000,0.044365,0.000000,0.049834,0.000000,0.052763,0.000000,0.053464,0.015144
27011101,0.032410,0.000000,0.042738,0.000000,0.048893,0.000000,0.051969,0.074766,0.053443,0.080449
27011110,0.038710,0.000000,0.046492,0.000000,0.050775,0.000000,0.053169,0.081081,0.053486,0.075575
27011114,0.042897,0.000000,0.048541,0.000000,0.051682,0.000000,0.053558,0.000000,0.053507,0.000538
27011115,0.034966,0.000000,0.044365,0.000000,0.049834,0.021053,0.052763,0.021053,0.053464,0.018387
27012002,0.038692,0.189474,0.046483,0.150000,0.050771,0.000000,0.053168,0.000000,0.053485,0.256178
27012003,0.067074,0.000000,0.071264,0.000000,0.066701,0.000000,0.067454,0.000000,0.068069,0.000205
27012004,0.067074,0.095238,0.071264,0.075000,0.066701,0.000000,0.067454,0.000000,0.068069,0.023859
27012008,0.044081,0.000000,0.049059,0.000000,0.052114,0.000000,0.053924,0.000000,0.053511,0.000415
27012010,0.031761,0.005780,0.042690,0.000000,0.048869,0.000000,0.051959,0.000000,0.053442,0.000345
27012011,0.050939,0.000000,0.052908,0.013333,0.054187,0.000000,0.054381,0.000000,0.053554,0.046603
27050903,0.034966,0.000000,0.044365,0.000000,0.049834,0.000000,0.052763,0.000000,0.053464,0.000582
27051001,0.039692,0.000000,0.046890,0.206522,0.051141,0.000000,0.053144,0.000000,0.053484,0.000647
27051101,0.039692,0.000000,0.046890,0.034783,0.051141,0.026087,0.053144,0.014706,0.053484,0.072279
27051103,0.037480,0.000000,0.045470,0.000000,0.050323,0.000000,0.052785,0.000000,0.053467,0.033262
27051104,0.031108,0.000000,0.042160,0.000000,0.048414,0.008000,0.051947,0.008000,0.053440,0.008359
27051105,0.033682,0.000000,0.043788,0.000000,0.049361,0.009434,0.052361,0.000000,0.053460,0.000552
27051903,0.034944,0.000000,0.044353,0.000000,0.049828,0.000000,0.052761,0.000000,0.053464,0.000529
27090202,0.067074,0.000000,0.071264,0.000000,0.066701,0.000000,0.067454,0.000000,0.068069,0.001505
27090901,0.034966,0.000000,0.044365,0.000000,0.049834,0.000000,0.052763,0.000000,0.053464,0.000450
27110704,0.042897,0.000000,0.048541,0.000000,0.051682,0.000000,0.053558,0.000000,0.053507,0.000834
27120401,0.053188,0.000000,0.053861,0.000000,0.054597,0.000000,0.054388,0.000000,0.053557,0.000500
27120506,0.032410,0.012195,0.042738,0.005952,0.048893,0.000000,0.051969,0.000000,0.053443,0.555193
27120508,0.031130,0.000000,0.042172,0.000000,0.048420,0.000000,0.051949,0.000000,0.053441,0.745452
27150403,0.026500,0.000000,0.039842,0.013889,0.047365,0.000000,0.051482,0.021739,0.053434,0.027788
49010202,0.057430,0.093567,0.056349,0.093567,0.055410,0.000000,0.054504,0.085271,0.053623,0.082884
49010203,0.067074,0.000000,0.071264,0.000000,0.066701,0.000000,0.067454,0.000000,0.068069,0.001261
49010205,0.039294,0.000000,0.046373,0.026217,0.050710,0.029316,0.053132,0.031359,0.053482,0.030396
49010306,0.067074,0.000000,0.071264,0.000000,0.066701,0.000000,0.067454,0.000000,0.068069,0.003792
49010308,0.055905,0.060606,0.055681,0.041096,0.055276,0.000000,0.054430,0.037500,0.053579,0.036421
49010501,0.045237,0.029586,0.050013,0.029586,0.052530,0.023669,0.053929,0.022989,0.053512,0.048781
49010503,0.034966,0.000000,0.044365,0.158730,0.049834,0.030651,0.052763,0.029630,0.053464,0.298089
49010504,0.054279,0.000000,0.054770,0.073529,0.054994,0.038961,0.054406,0.040000,0.053574,0.042856
49010506,0.034966,0.000000,0.044365,0.013333,0.049834,0.021429,0.052763,0.021277,0.053464,0.023993
49010507,0.057922,0.000000,0.056630,0.177778,0.055563,0.146667,0.054597,0.169231,0.053669,0.219939
49010508,0.055372,0.000000,0.055227,0.000000,0.055252,0.000000,0.054408,0.032086,0.053576,0.057100
49010601,0.057936,0.041736,0.056640,0.049719,0.055561,0.048758,0.054597,0.025930,0.053670,0.016465
49010604,0.058149,0.035294,0.056770,0.024000,0.055639,0.000000,0.054643,0.030211,0.053708,0.064672
49010605,0.052065,0.000000,0.053386,0.004348,0.054591,0.004405,0.054387,0.136187,0.053556,0.000969
49010606,0.057012,0.023697,0.056145,0.000000,0.055279,0.000000,0.054431,0.031343,0.053580,0.003311
49010701,0.055905,0.097222,0.055681,0.155340,0.055276,0.139535,0.054430,0.180723,0.053579,0.113964
49010706,0.067074,0.000000,0.071264,0.007812,0.066701,0.019417,0.067454,0.022222,0.068069,0.016699
49010708,0.042336,0.076923,0.048072,0.038462,0.051678,0.036364,0.053558,0.036364,0.053507,0.029092
49010801,0.054282,0.021739,0.054771,0.020833,0.054995,0.000000,0.054407,0.000000,0.053574,0.189455
49010803,0.044081,0.074074,0.049059,0.101695,0.052114,0.087719,0.053924,0.079365,0.053511,0.077199
49010804,0.046441,0.030769,0.050532,0.230769,0.052956,0.012821,0.054287,0.012346,0.053530,0.014220
49011101,0.055372,0.000000,0.055227,0.048780,0.055252,0.027397,0.054408,0.051948,0.053576,0.051137
49011103,0.052614,0.070175,0.053837,0.033898,0.054586,0.017241,0.054384,0.066667,0.053556,0.049910
49011104,0.057116,0.000000,0.056177,0.000000,0.055306,0.016393,0.054451,0.050000,0.053597,0.047702
49011110,0.051498,0.027523,0.052912,0.027523,0.054187,0.027778,0.054380,0.103774,0.053554,0.092997
49011112,0.040514,0.057143,0.047508,0.042254,0.051226,0.000000,0.053183,0.000000,0.053488,0.022845
49011113,0.067074,0.080000,0.071264,0.012987,0.066701,0.000000,0.067454,0.000000,0.068069,0.002936
49011201,0.053162,0.044304,0.053847,0.000000,0.054590,0.015464,0.054385,0.015464,0.053557,0.001128
49011301,0.057503,0.086957,0.056403,0.020000,0.055434,0.109091,0.054525,0.170455,0.053641,0.250278
49011606,0.047560,0.106796,0.051011,0.000000,0.053362,0.148515,0.054290,0.000000,0.053532,0.002174
49011801,0.054279,0.000000,0.054770,0.074906,0.054994,0.035294,0.054406,0.030717,0.053574,0.006943
49011804,0.045838,0.075000,0.050042,0.000000,0.052544,0.000000,0.053932,0.000000,0.053513,0.051500
49011806,0.057132,0.000000,0.056202,0.085859,0.055309,0.000000,0.054452,0.000000,0.053598,0.000603
49011904,0.067074,0.134615,0.071264,0.194175,0.066701,0.153846,0.067454,0.160714,0.068069,0.164943
49011905,0.067074,0.000000,0.071264,0.316742,0.066701,0.269231,0.067454,0.266667,0.068069,0.000985
49011906,0.058119,0.503145,0.056740,0.314465,0.055619,0.344828,0.054624,0.179104,0.053691,0.307643
49011907,0.057223,0.534884,0.056258,0.082569,0.055355,0.082569,0.054477,0.107143,0.053602,0.169822
49012001,0.057124,0.052874,0.056182,0.052874,0.055308,0.000000,0.054451,0.044444,0.053597,0.020895
49012003,0.049821,0.021429,0.052431,0.026490,0.053782,0.139303,0.054364,0.135922,0.053536,0.067767
49012004,0.053734,0.137931,0.054321,0.147059,0.054996,0.000000,0.054407,0.019048,0.053574,0.016332
49012013,0.067074,0.026667,0.071264,0.026667,0.066701,0.053691,0.067454,0.000000,0.068069,0.026067
49012101,0.050939,0.000000,0.052908,0.047619,0.054187,0.026667,0.054381,0.064103,0.053554,0.067277
49012302,0.057234,0.042857,0.056264,0.042254,0.055358,0.028571,0.054479,0.026667,0.053602,0.115248
49012305,0.057559,0.025862,0.056439,0.023438,0.055444,0.016667,0.054530,0.014388,0.053642,0.008644
49020104,0.067074,0.055556,0.071264,0.113565,0.066701,0.029674,0.067454,0.029674,0.068069,0.005561
49020105,0.067074,0.017668,0.071264,0.017544,0.066701,0.023569,0.067454,0.023569,0.068069,0.454150
49020108,0.041130,0.000000,0.047540,0.005195,0.051242,0.015385,0.053188,0.015385,0.053489,0.044965
49020201,0.047555,0.027027,0.051008,0.026316,0.053361,0.000000,0.054291,0.000000,0.053532,0.005606
49020202,0.038069,0.016393,0.045968,0.023256,0.050337,0.000000,0.052790,0.009174,0.053467,0.010942
49020203,0.048129,0.000000,0.051481,0.000000,0.053370,0.000000,0.054292,0.000000,0.053532,0.003985
49020302,0.042336,0.045872,0.048072,0.015625,0.051678,0.033058,0.053558,0.040984,0.053507,0.058434
49020501,0.067074,0.056818,0.071264,0.056818,0.066701,0.054348,0.067454,0.021739,0.068069,0.021525
49020502,0.067074,0.000000,0.071264,0.000000,0.066701,0.018519,0.067454,0.000000,0.068069,0.001940
49020503,0.067074,0.010989,0.071264,0.000000,0.066701,0.000000,0.067454,0.033708,0.068069,0.034480
49020701,0.067074,0.028571,0.071264,0.029915,0.066701,0.024896,0.067454,0.013158,0.068069,0.020624
49020903,0.067074,0.019608,0.071264,0.015625,0.066701,0.000000,0.067454,0.013514,0.068069,0.002525
49022101,0.048687,0.043478,0.051489,0.052083,0.053372,0.049505,0.054290,0.049505,0.053533,0.001908
49022103,0.067074,0.012346,0.071264,0.000000,0.066701,0.000000,0.067454,0.000000,0.068069,0.002096
49022106,0.040497,0.000000,0.047499,0.007634,0.051222,0.000000,0.053182,0.000000,0.053488,0.066528
49022301,0.044676,0.086957,0.049538,0.000000,0.052522,0.000000,0.053928,0.075949,0.053512,0.071822
49022303,0.067074,0.256410,0.071264,0.262295,0.066701,0.000000,0.067454,0.000000,0.068069,0.001848
49030204,0.045838,0.000000,0.050042,0.006993,0.052544,0.006369,0.053932,0.008621,0.053513,0.018717
49030207,0.067074,0.000000,0.071264,0.000000,0.066701,0.000000,0.067454,0.000000,0.068069,0.019462
49030401,0.067074,0.050000,0.071264,0.034091,0.066701,0.000000,0.067454,0.141176,0.068069,0.063015
49030402,0.046404,0.000000,0.050512,0.058140,0.052946,0.000000,0.054284,0.218182,0.053529,0.091803
49030403,0.037500,0.000000,0.045481,0.052632,0.050328,0.051724,0.052786,0.051724,0.053467,0.044426
49030405,0.067074,0.017241,0.071264,0.051724,0.066701,0.032258,0.067454,0.032258,0.068069,0.038654
49030409,0.067074,0.000000,0.071264,0.000000,0.066701,0.047619,0.067454,0.000000,0.068069,0.004524
49030502,0.042287,0.010309,0.048045,0.000000,0.051665,0.000000,0.053553,0.000000,0.053507,0.008957
49031002,0.041130,0.016260,0.047540,0.013245,0.051242,0.031250,0.053188,0.000000,0.053489,0.001296
49031003,0.038673,0.016129,0.046473,0.044776,0.050766,0.000000,0.053167,0.000000,0.053485,0.017040
49031102,0.049816,0.018868,0.052428,0.041667,0.053780,0.030769,0.054362,0.038760,0.053536,0.036654
49051203,0.067074,0.000000,0.071264,0.000000,0.066701,0.000000,0.067454,0.012821,0.068069,0.015467
49051707,0.053188,0.000000,0.053861,0.000000,0.054597,0.000000,0.054388,0.000000,0.053557,0.025292
49052103,0.067074,0.000000,0.071264,0.022901,0.066701,0.022901,0.067454,0.022901,0.068069,0.033760
49052106,0.067074,0.017241,0.071264,0.017241,0.066701,0.022222,0.067454,0.022222,0.068069,0.017683
49090206,0.042890,0.000000,0.048537,0.000000,0.051680,0.000000,0.053557,0.017241,0.053507,0.018477
49100404,0.052065,0.066225,0.053386,0.046358,0.054591,0.000000,0.054387,0.000000,0.053556,0.002115
49100405,0.067074,0.011236,0.071264,0.000000,0.066701,0.000000,0.067454,0.010204,0.068069,0.001940
49110105,0.067074,0.028571,0.071264,0.000000,0.066701,0.000000,0.067454,0.000000,0.068069,0.004524
49110501,0.056998,0.197802,0.056137,0.000000,0.055275,0.015625,0.054430,0.000000,0.053579,0.018503
49110506,0.057486,0.033613,0.056394,0.000000,0.055429,0.030928,0.054523,0.000000,0.053640,0.001485
49110609,0.067074,0.062500,0.071264,0.000000,0.066701,0.000000,0.067454,0.000000,0.068069,0.075196
53011203,0.067074,0.000000,0.071264,0.047244,0.066701,0.000000,0.067454,0.024000,0.068069,0.000097
53011208,0.045237,0.000000,0.050013,0.000000,0.052530,0.000000,0.053929,0.000000,0.053512,0.058908
53011803,0.044081,0.000000,0.049059,0.000000,0.052114,0.000000,0.053924,0.000000,0.053511,0.009382
53011806,0.067074,0.000000,0.071264,0.000000,0.066701,0.003663,0.067454,0.000000,0.068069,0.000089
53012303,0.041102,0.029762,0.047526,0.009569,0.051234,0.000000,0.053185,0.000000,0.053488,0.000531
53012305,0.039294,0.000000,0.046373,0.000000,0.050710,0.000000,0.053132,0.000000,0.053482,0.000204
53012307,0.034325,0.000000,0.043834,0.000000,0.049384,0.000000,0.052369,0.000000,0.053461,0.109632
53012501,0.036219,0.011719,0.044915,0.003704,0.049867,0.003745,0.052773,0.000000,0.053465,0.000092
53012502,0.042280,0.000000,0.048042,0.034783,0.051664,0.000000,0.053553,0.000000,0.053507,0.000202
53012506,0.057082,0.000000,0.056159,0.000000,0.055297,0.000000,0.054447,0.000000,0.053597,0.000846
53020201,0.038673,0.004329,0.046473,0.000000,0.050766,0.016260,0.053167,0.020080,0.053485,0.015023
53020203,0.038069,0.000000,0.045968,0.022472,0.050337,0.000000,0.052790,0.000000,0.053467,0.017617
53020205,0.034325,0.007042,0.043834,0.012739,0.049384,0.012346,0.052369,0.000000,0.053461,0.011990
53020207,0.028497,0.005952,0.040990,0.000000,0.047883,0.000000,0.051516,0.000000,0.053436,0.000132
53020209,0.029184,0.000000,0.041054,0.000000,0.047915,0.000000,0.051530,0.000000,0.053437,0.016011
53020212,0.034944,0.007246,0.044353,0.000000,0.049828,0.003247,0.052761,0.000000,0.053464,0.000084
53020213,0.031761,0.005155,0.042690,0.000000,0.048869,0.000000,0.051959,0.000000,0.053442,0.000134
53020408,0.067074,0.006579,0.071264,0.010753,0.066701,0.019608,0.067454,0.000000,0.068069,0.000253
53021704,0.067074,0.000000,0.071264,0.000000,0.066701,0.000000,0.067454,0.000000,0.068069,0.000065
53021707,0.057545,0.000000,0.056432,0.000000,0.055441,0.000000,0.054529,0.000000,0.053642,0.000301
53021802,0.040871,0.000000,0.047401,0.020202,0.051169,0.008475,0.053154,0.000000,0.053485,0.008484
53021803,0.036831,0.000000,0.045427,0.003175,0.050303,0.003175,0.052778,0.000000,0.053466,0.014789
53021805,0.038692,0.000000,0.046483,0.000000,0.050771,0.012821,0.053168,0.000000,0.053485,0.048480
53021811,0.067074,0.000000,0.071264,0.000000,0.066701,0.000000,0.067454,0.000000,0.068069,0.000279
53021813,0.067074,0.000000,0.071264,0.010309,0.066701,0.008547,0.067454,0.000000,0.068069,0.008083
53022005,0.040497,0.000000,0.047499,0.000000,0.051222,0.000000,0.053182,0.000000,0.053488,0.000220
53022008,0.053162,0.013158,0.053847,0.000000,0.054590,0.000000,0.054385,0.000000,0.053557,0.000343
53051003,0.035583,0.000000,0.044388,0.000000,0.049845,0.000000,0.052766,0.000000,0.053465,0.000134
53070106,0.033681,0.000000,0.043787,0.000000,0.049361,0.000000,0.052361,0.000000,0.053460,0.000371
53070108,0.033058,0.000000,0.043276,0.000000,0.048917,0.008850,0.051979,0.000000,0.053443,0.000199
53070501,0.036198,0.000000,0.044903,0.000000,0.049861,0.000000,0.052771,0.000000,0.053465,0.000234
53070502,0.034944,0.000000,0.044353,0.000000,0.049828,0.000000,0.052761,0.000000,0.053464,0.000190
53070609,0.038692,0.000000,0.046483,0.000000,0.050771,0.000000,0.053168,0.000000,0.053485,0.000311
53070910,0.044684,0.000000,0.049542,0.000000,0.052524,0.000000,0.053929,0.000000,0.053512,0.000347
53071001,0.047560,0.000000,0.051011,0.000000,0.053362,0.000000,0.054290,0.000000,0.053532,0.000181
53071006,0.038069,0.000000,0.045968,0.000000,0.050337,0.000000,0.052790,0.000000,0.053467,0.000236
53071401,0.031108,0.000000,0.042160,0.000000,0.048414,0.000000,0.051947,0.000000,0.053440,0.000173
53080306,0.048144,0.000000,0.051489,0.000000,0.053374,0.000000,0.054293,0.000000,0.053533,0.000128
53080505,0.030477,0.000000,0.041628,0.000000,0.047955,0.000000,0.051547,0.000000,0.053438,0.000217
53080507,0.042890,0.000000,0.048537,0.000000,0.051680,0.000000,0.053557,0.000000,0.053507,0.000502
53080509,0.032388,0.000000,0.042726,0.000000,0.048886,0.000000,0.051966,0.000000,0.053442,0.000423
53080601,0.051487,0.000000,0.052906,0.000000,0.054184,0.000000,0.054379,0.000000,0.053554,0.000564
53080603,0.043484,0.000000,0.049025,0.000000,0.052099,0.000000,0.053921,0.000000,0.053510,0.000589
53080606,0.046974,0.000000,0.050535,0.008621,0.052956,0.016807,0.054286,0.000000,0.053530,0.000215
53080801,0.056998,0.000000,0.056137,0.000000,0.055275,0.021429,0.054430,0.000000,0.053579,0.000184
53080802,0.046407,0.000000,0.050514,0.000000,0.052947,0.000000,0.054285,0.000000,0.053529,0.000564
53080803,0.045237,0.000000,0.050013,0.000000,0.052530,0.000000,0.053929,0.000000,0.053512,0.000576
53080805,0.041102,0.000000,0.047526,0.000000,0.051234,0.000000,0.053185,0.000000,0.053488,0.000311
53080807,0.050395,0.041667,0.052447,0.039216,0.053789,0.000000,0.054364,0.000000,0.053537,0.000467
 7010607,0.023218,0.044444,0.022527,0.050000,0.021994,0.020408,0.021543,0.014184,0.021135,0.001160
 7010905,0.023075,0.027027,0.022444,0.011494,0.021947,0.000000,0.021522,0.000000,0.021124,0.001744
 7010913,0.022798,0.000000,0.022295,0.027397,0.021870,0.000000,0.021477,0.000000,0.021103,0.060579
 7011008,0.021246,0.000000,0.021242,0.000000,0.021581,0.040541,0.021422,0.000000,0.021073,0.001691
 7021106,0.023602,0.000000,0.022736,0.000000,0.022108,0.016129,0.021610,0.067797,0.021174,0.019031
 7040511,0.023435,0.027027,0.022646,0.000000,0.022058,0.000000,0.021577,0.000000,0.021155,0.059877
 7040702,0.035556,0.019608,0.035145,0.045752,0.034735,0.031056,0.034326,0.000000,0.033917,0.043678
 7040803,0.023125,0.000000,0.022470,0.000000,0.021958,0.013699,0.021522,0.000000,0.021125,0.030390
 7040806,0.023674,0.028571,0.022780,0.016393,0.022133,0.033333,0.021622,0.000000,0.021184,0.030390
 7040903,0.023583,0.000000,0.022723,0.000000,0.022108,0.018182,0.021610,0.000000,0.021174,0.019031
 7050805,0.023710,0.026667,0.022795,0.000000,0.022145,0.000000,0.021631,0.000000,0.021185,0.133292
 7051003,0.023796,0.000000,0.022850,0.000000,0.022168,0.000000,0.021643,0.000000,0.021195,0.001726
 7051701,0.022978,0.000000,0.022394,0.022556,0.021919,0.022222,0.021499,0.022222,0.021114,0.057202
 7051704,0.022943,0.016529,0.022366,0.067961,0.021907,0.037037,0.021498,0.037736,0.021113,0.074727
 7060204,0.035556,0.000000,0.035145,0.080460,0.034735,0.017699,0.034326,0.008929,0.033917,0.010205
 7060206,0.022652,0.040323,0.022207,0.030769,0.021821,0.026316,0.021445,0.008772,0.021083,0.010029
 7060207,0.035556,0.000000,0.035145,0.000000,0.034735,0.025641,0.034326,0.020305,0.033917,0.021012
 7060209,0.035556,0.012821,0.035145,0.013699,0.034735,0.000000,0.034326,0.006897,0.033917,0.007812
 7060210,0.022813,0.009259,0.022306,0.000000,0.021870,0.017241,0.021477,0.018182,0.021103,0.020192
 7060212,0.023053,0.000000,0.022439,0.000000,0.021945,0.000000,0.021521,0.013333,0.021124,0.015090
 7060213,0.023292,0.000000,0.022559,0.000000,0.022009,0.000000,0.021555,0.000000,0.021144,0.097490
 7060412,0.035556,0.049383,0.035145,0.040000,0.034735,0.072917,0.034326,0.072917,0.033917,0.091973
 7060806,0.035556,0.000000,0.035145,0.000000,0.034735,0.000000,0.034326,0.000000,0.033917,0.001247
 7060808,0.035556,0.000000,0.035145,0.000000,0.034735,0.000000,0.034326,0.000000,0.033917,0.001578
 7090103,0.035556,0.014184,0.035145,0.025510,0.034735,0.026455,0.034326,0.000000,0.033917,0.021498
 7090306,0.035556,0.000000,0.035145,0.000000,0.034735,0.000000,0.034326,0.000000,0.033917,0.175779
27010401,0.035556,0.028571,0.035145,0.033333,0.034735,0.000000,0.034326,0.000000,0.033917,0.044483
27010404,0.012296,0.000000,0.016404,0.000000,0.018974,0.008696,0.020410,0.000000,0.021022,0.000457
27010405,0.011575,0.000000,0.016108,0.014286,0.018731,0.000000,0.020202,0.000000,0.021022,0.001707
27010406,0.022666,0.000000,0.022221,0.000000,0.021822,0.000000,0.021445,0.000000,0.021084,0.000668
27010410,0.021244,0.089744,0.021241,0.022727,0.021580,0.000000,0.021422,0.000000,0.021073,0.004786
27010411,0.017325,0.030534,0.019276,0.046154,0.020419,0.000000,0.021236,0.000000,0.021053,0.001130
27010415,0.022668,0.000000,0.022221,0.000000,0.021822,0.000000,0.021445,0.000000,0.021084,0.001804
27010416,0.018751,0.000000,0.019845,0.000000,0.020658,0.000000,0.021238,0.000000,0.021053,0.001804
27011210,0.015537,0.011628,0.018143,0.000000,0.019937,0.000000,0.020828,0.000000,0.021033,0.011787
27011401,0.035556,0.080537,0.035145,0.033333,0.034735,0.057803,0.034326,0.000000,0.033917,0.046905
27011402,0.035556,0.000000,0.035145,0.000000,0.034735,0.000000,0.034326,0.000000,0.033917,0.000488
27011403,0.019466,0.000000,0.020404,0.052632,0.021118,0.050000,0.021410,0.000000,0.021063,0.054027
27011417,0.021242,0.000000,0.021240,0.076923,0.021580,0.000000,0.021422,0.000000,0.021073,0.001857
27011503,0.016255,0.000000,0.018680,0.012048,0.020165,0.000000,0.021026,0.000000,0.021043,0.001217
27011504,0.014822,0.000000,0.017853,0.039370,0.019706,0.000000,0.020829,0.000000,0.021033,0.000435
27011508,0.015180,0.000000,0.018137,0.000000,0.019934,0.000000,0.020827,0.000000,0.021033,0.001405
27011603,0.016262,0.000000,0.018684,0.015385,0.020167,0.000000,0.021026,0.058140,0.021043,0.000689
27011604,0.012650,0.008130,0.016688,0.010989,0.018978,0.000000,0.020412,0.034783,0.021022,0.000500
27011605,0.014103,0.012121,0.017561,0.000000,0.019466,0.000000,0.020624,0.000000,0.021033,0.000746
27011606,0.035556,0.049180,0.035145,0.000000,0.034735,0.015873,0.034326,0.044776,0.033917,0.000918
27011608,0.015175,0.000000,0.018134,0.000000,0.019933,0.000000,0.020827,0.000000,0.021033,0.001318
27011801,0.015898,0.012048,0.018428,0.000000,0.019948,0.000000,0.020833,0.000000,0.021034,0.000369
27011803,0.011570,0.000000,0.016105,0.000000,0.018730,0.000000,0.020201,0.000000,0.021022,0.000470
27011901,0.016970,0.000000,0.018995,0.000000,0.020187,0.025424,0.021036,0.028037,0.021043,0.000481
27011906,0.019461,0.007812,0.020401,0.015152,0.021117,0.000000,0.021410,0.012500,0.021063,0.024211
27011909,0.035556,0.000000,0.035145,0.000000,0.034735,0.000000,0.034326,0.000000,0.033917,0.000682
27012502,0.035556,0.008264,0.035145,0.000000,0.034735,0.000000,0.034326,0.000000,0.033917,0.000359
27012504,0.018401,0.024793,0.019843,0.000000,0.020657,0.000000,0.021238,0.000000,0.021053,0.013124
27012505,0.018399,0.000000,0.019842,0.000000,0.020656,0.000000,0.021238,0.019048,0.021053,0.014715
27030501,0.017688,0.000000,0.019283,0.000000,0.020422,0.000000,0.021237,0.010204,0.021053,0.000582
27031602,0.035556,0.000000,0.035145,0.000000,0.034735,0.000000,0.034326,0.000000,0.033917,0.073139
27031604,0.015898,0.000000,0.018428,0.000000,0.019948,0.000000,0.020833,0.000000,0.021034,0.024860
27050301,0.035556,0.000000,0.035145,0.000000,0.034735,0.050505,0.034326,0.000000,0.033917,0.000520
27050503,0.015898,0.000000,0.018428,0.000000,0.019948,0.000000,0.020833,0.000000,0.021034,0.000481
27050801,0.014460,0.000000,0.017568,0.007519,0.019470,0.000000,0.020625,0.000000,0.021033,0.054398
27050802,0.011938,0.000000,0.016119,0.000000,0.018737,0.000000,0.020204,0.000000,0.021022,0.056858
27050805,0.035556,0.000000,0.035145,0.000000,0.034735,0.000000,0.034326,0.000000,0.033917,0.012098
27050904,0.016262,0.000000,0.018684,0.000000,0.020167,0.013274,0.021026,0.013274,0.021043,0.000273
27050908,0.014460,0.000000,0.017568,0.000000,0.019470,0.000000,0.020625,0.000000,0.021033,0.000273
27051002,0.022631,0.000000,0.022206,0.037037,0.021821,0.000000,0.021444,0.000000,0.021083,0.000547
27051004,0.020176,0.000000,0.020684,0.055046,0.021121,0.000000,0.021411,0.000000,0.021063,0.042115
27051005,0.016584,0.000000,0.018699,0.159091,0.020175,0.000000,0.021030,0.000000,0.021043,0.001346
27051006,0.020175,0.000000,0.020683,0.041667,0.021121,0.000000,0.021411,0.000000,0.021063,0.000675
27051106,0.014460,0.000000,0.017568,0.000000,0.019470,0.000000,0.020625,0.000000,0.021033,0.089365
27051803,0.035556,0.000000,0.035145,0.000000,0.034735,0.000000,0.034326,0.000000,0.033917,0.000746
27052007,0.015898,0.000000,0.018428,0.000000,0.019948,0.000000,0.020833,0.000000,0.021034,0.000512
27090303,0.022555,0.000000,0.022075,0.000000,0.021795,0.000000,0.021433,0.000000,0.021073,0.037714
27090306,0.012660,0.008333,0.016693,0.000000,0.018981,0.158730,0.020413,0.000000,0.021022,0.000402
27090307,0.022813,0.000000,0.022306,0.086022,0.021870,0.031579,0.021477,0.041667,0.021103,0.040542
27090309,0.018751,0.037037,0.019845,0.029851,0.020658,0.000000,0.021238,0.036765,0.021053,0.035107
27090412,0.015898,0.000000,0.018428,0.000000,0.019948,0.000000,0.020833,0.000000,0.021034,0.000990
27090501,0.035556,0.000000,0.035145,0.000000,0.034735,0.000000,0.034326,0.037500,0.033917,0.695583
27090504,0.035556,0.000000,0.035145,0.000000,0.034735,0.008130,0.034326,0.000000,0.033917,0.000504
27090601,0.035556,0.025000,0.035145,0.023392,0.034735,0.010929,0.034326,0.010811,0.033917,0.151981
27090604,0.016970,0.024194,0.018995,0.015385,0.020187,0.000000,0.021036,0.014599,0.021043,0.000385
27090606,0.035556,0.000000,0.035145,0.000000,0.034735,0.000000,0.034326,0.000000,0.033917,0.043193
27090804,0.035556,0.000000,0.035145,0.000000,0.034735,0.000000,0.034326,0.000000,0.033917,0.000905
27090806,0.035556,0.020325,0.035145,0.004525,0.034735,0.000000,0.034326,0.000000,0.033917,0.054886
27090903,0.035556,0.000000,0.035145,0.000000,0.034735,0.000000,0.034326,0.000000,0.033917,0.000682
27090904,0.035556,0.005128,0.035145,0.005263,0.034735,0.004831,0.034326,0.000000,0.033917,0.000293
27090907,0.035556,0.000000,0.035145,0.000000,0.034735,0.000000,0.034326,0.000000,0.033917,0.000378
27091401,0.035556,0.040359,0.035145,0.031873,0.034735,0.012000,0.034326,0.000000,0.033917,0.033045
27091402,0.014469,0.012500,0.017573,0.011905,0.019472,0.012048,0.020626,0.000000,0.021033,0.029392
27091405,0.016970,0.048387,0.018995,0.148148,0.020187,0.000000,0.021036,0.017857,0.021043,0.254627
27100207,0.012655,0.000000,0.016691,0.000000,0.018980,0.023529,0.020412,0.000000,0.021022,0.022488
27110707,0.035556,0.008197,0.035145,0.000000,0.034735,0.032258,0.034326,0.032000,0.033917,0.031203
27111009,0.022887,0.000000,0.022338,0.000000,0.021895,0.000000,0.021488,0.000000,0.021104,0.051723
27120404,0.019111,0.000000,0.020124,0.008197,0.020888,0.000000,0.021400,0.000000,0.021054,0.000647
27120407,0.022924,0.012579,0.022367,0.000000,0.021907,0.000000,0.021499,0.000000,0.021113,0.000371
27120409,0.022316,0.005236,0.021799,0.009132,0.021784,0.000000,0.021423,0.000000,0.021073,0.000281
27160201,0.016584,0.000000,0.018699,0.000000,0.020175,0.000000,0.021030,0.000000,0.021043,0.000628
27160202,0.016255,0.000000,0.018680,0.000000,0.020165,0.000000,0.021026,0.000000,0.021043,0.078111
27160404,0.012296,0.017699,0.016404,0.000000,0.018974,0.000000,0.020410,0.000000,0.021022,0.000823
49010302,0.035556,0.047619,0.035145,0.037736,0.034735,0.020619,0.034326,0.039604,0.033917,0.039646
49010412,0.023053,0.000000,0.022439,0.000000,0.021945,0.000000,0.021521,0.000000,0.021124,0.024296
49010602,0.023547,0.000000,0.022707,0.024096,0.022095,0.000000,0.021599,0.066667,0.021165,0.002446
49010905,0.023018,0.000000,0.022411,0.011364,0.021932,0.011364,0.021510,0.011765,0.021114,0.009890
49010906,0.022944,0.015152,0.022366,0.016129,0.021907,0.015873,0.021499,0.015873,0.021113,0.094742
49010911,0.035556,0.000000,0.035145,0.032258,0.034735,0.033333,0.034326,0.029412,0.033917,0.031810
49011001,0.022576,0.000000,0.022175,0.022989,0.021796,0.017544,0.021433,0.019231,0.021074,0.058943
49011005,0.020169,0.000000,0.020680,0.031915,0.021120,0.000000,0.021410,0.000000,0.021063,0.001893
49011006,0.035556,0.000000,0.035145,0.000000,0.034735,0.028571,0.034326,0.024390,0.033917,0.029445
49011106,0.035556,0.000000,0.035145,0.048387,0.034735,0.000000,0.034326,0.000000,0.033917,0.045681
49011401,0.035556,0.000000,0.035145,0.000000,0.034735,0.000000,0.034326,0.000000,0.033917,0.002472
49011405,0.023341,0.000000,0.022587,0.000000,0.022032,0.000000,0.021565,0.000000,0.021154,0.005887
49011407,0.018042,0.000000,0.019563,0.024390,0.020654,0.000000,0.021238,0.000000,0.021053,0.004054
49012105,0.035556,0.000000,0.035145,0.000000,0.034735,0.000000,0.034326,0.032258,0.033917,0.026774
49012106,0.016262,0.000000,0.018684,0.000000,0.020167,0.000000,0.021026,0.000000,0.021043,0.003616
49012107,0.023197,0.000000,0.022513,0.000000,0.021982,0.000000,0.021543,0.000000,0.021134,0.042668
49012205,0.023396,0.000000,0.022629,0.000000,0.022055,0.000000,0.021575,0.000000,0.021154,0.005350
49020208,0.020533,0.000000,0.020962,0.000000,0.021350,0.000000,0.021411,0.000000,0.021063,0.002024
49020704,0.013391,0.003623,0.016995,0.000000,0.019227,0.000000,0.020621,0.000000,0.021032,0.001422
49020901,0.035556,0.051282,0.035145,0.047619,0.034735,0.039216,0.034326,0.000000,0.033917,0.004125
49020904,0.035556,0.035294,0.035145,0.000000,0.034735,0.000000,0.034326,0.000000,0.033917,0.001564
49021201,0.022626,0.163043,0.022203,0.081522,0.021819,0.080808,0.021444,0.028986,0.021083,0.475718
49021204,0.020175,0.027523,0.020683,0.008130,0.021121,0.009434,0.021411,0.000000,0.021063,0.009890
49021206,0.022845,0.081633,0.022319,0.009524,0.021880,0.008475,0.021486,0.008475,0.021104,0.028420
49021211,0.019823,0.035088,0.020682,0.016949,0.021121,0.016393,0.021411,0.031746,0.021063,0.017683
49021212,0.035556,0.008547,0.035145,0.000000,0.034735,0.000000,0.034326,0.000000,0.033917,0.017347
49021601,0.020884,0.000000,0.021238,0.000000,0.021579,0.000000,0.021421,0.000000,0.021073,0.004276
49021605,0.019823,0.000000,0.020682,0.000000,0.021121,0.018519,0.021411,0.000000,0.021063,0.001834
49021609,0.018399,0.000000,0.019842,0.000000,0.020656,0.000000,0.021238,0.000000,0.021053,0.003508
49021901,0.035556,0.000000,0.035145,0.005525,0.034735,0.000000,0.034326,0.000000,0.033917,0.001485
49021902,0.022737,0.000000,0.022261,0.006667,0.021844,0.000000,0.021465,0.000000,0.021093,0.081352
49021907,0.015544,0.010417,0.018147,0.000000,0.019939,0.000000,0.020829,0.000000,0.021033,0.002257
49021908,0.035556,0.000000,0.035145,0.000000,0.034735,0.000000,0.034326,0.000000,0.033917,0.003731
49022104,0.020169,0.000000,0.020680,0.000000,0.021120,0.000000,0.021410,0.000000,0.021063,0.100874
49022504,0.022591,0.013333,0.022176,0.012987,0.021796,0.024096,0.021433,0.026667,0.021074,0.046335
49022507,0.035556,0.000000,0.035145,0.000000,0.034735,0.000000,0.034326,0.000000,0.033917,0.047702
49022508,0.023164,0.019608,0.022500,0.000000,0.021983,0.048780,0.021543,0.045455,0.021134,0.040040
49030102,0.035556,0.000000,0.035145,0.031250,0.034735,0.051724,0.034326,0.000000,0.033917,0.003673
49030201,0.023159,0.007692,0.022497,0.051852,0.021981,0.169492,0.021542,0.118644,0.021134,0.017137
49030205,0.022872,0.000000,0.022340,0.028902,0.021896,0.024540,0.021489,0.000000,0.021104,0.001241
49030301,0.035556,0.006536,0.035145,0.028571,0.034735,0.016760,0.034326,0.003460,0.033917,0.019005
49030601,0.022714,0.000000,0.022245,0.000000,0.021843,0.000000,0.021464,0.024390,0.021093,0.013301
49030602,0.022848,0.000000,0.022321,0.022222,0.021881,0.023810,0.021487,0.008333,0.021104,0.001878
49051505,0.022569,0.020134,0.022171,0.020134,0.021794,0.037037,0.021432,0.027491,0.021074,0.071693
49051506,0.022714,0.023810,0.022245,0.023256,0.021843,0.025641,0.021464,0.075949,0.021093,0.047662
49051507,0.017688,0.000000,0.019283,0.000000,0.020422,0.031496,0.021237,0.041322,0.021053,0.016824
49052001,0.020169,0.085366,0.020680,0.034091,0.021120,0.033708,0.021410,0.043011,0.021063,0.054072
49070101,0.022882,0.000000,0.022334,0.000000,0.021893,0.000000,0.021487,0.102941,0.021104,0.002669
49070103,0.018751,0.000000,0.019845,0.098160,0.020658,0.117647,0.021238,0.091503,0.021053,0.001235
49070301,0.022316,0.000000,0.021799,0.016129,0.021784,0.016393,0.021423,0.000000,0.021073,0.003792
49070303,0.022569,0.112150,0.022171,0.000000,0.021794,0.000000,0.021432,0.000000,0.021074,0.002096
49070601,0.016970,0.000000,0.018995,0.000000,0.020187,0.000000,0.021036,0.000000,0.021043,0.002194
49080201,0.016970,0.025641,0.018995,0.000000,0.020187,0.018182,0.021036,0.027523,0.021043,0.027455
49080301,0.021957,0.000000,0.021797,0.015748,0.021784,0.016000,0.021422,0.008772,0.021073,0.001791
49090404,0.021242,0.000000,0.021240,0.000000,0.021580,0.000000,0.021422,0.000000,0.021073,0.011264
49100401,0.022924,0.007143,0.022367,0.006536,0.021907,0.000000,0.021499,0.000000,0.021113,0.001405
49100402,0.023074,0.000000,0.022443,0.022857,0.021947,0.022599,0.021522,0.000000,0.021124,0.002525
49110302,0.035556,0.000000,0.035145,0.000000,0.034735,0.000000,0.034326,0.000000,0.033917,0.001819
49110304,0.035556,0.000000,0.035145,0.017699,0.034735,0.000000,0.034326,0.000000,0.033917,0.002553
49110401,0.022811,0.025974,0.022305,0.046512,0.021869,0.000000,0.021477,0.000000,0.021103,0.002372
49110403,0.035556,0.020000,0.035145,0.000000,0.034735,0.000000,0.034326,0.000000,0.033917,0.004054
49110404,0.035556,0.023810,0.035145,0.016667,0.034735,0.018293,0.034326,0.000000,0.033917,0.001364
49110405,0.020169,0.062500,0.020680,0.028846,0.021120,0.000000,0.021410,0.000000,0.021063,0.001878
49110504,0.022813,0.028986,0.022306,0.000000,0.021870,0.000000,0.021477,0.000000,0.021103,0.002731
49110505,0.035556,0.000000,0.035145,0.000000,0.034735,0.019608,0.034326,0.012195,0.033917,0.032407
53010301,0.022848,0.000000,0.022321,0.000000,0.021881,0.000000,0.021487,0.000000,0.021104,0.000204
53010306,0.016255,0.000000,0.018680,0.000000,0.020165,0.027778,0.021026,0.000000,0.021043,0.000361
53010606,0.016970,0.006061,0.018995,0.000000,0.020187,0.000000,0.021036,0.000000,0.021043,0.000298
53010801,0.013018,0.145503,0.016701,0.080745,0.018985,0.062112,0.020414,0.000000,0.021023,0.075868
53011205,0.018393,0.000000,0.019838,0.000000,0.020655,0.000000,0.021238,0.000000,0.021053,0.000271
53011206,0.013382,0.000000,0.016990,0.000000,0.019225,0.000000,0.020620,0.000000,0.021032,0.000376
53011209,0.023183,0.000000,0.022499,0.000000,0.021983,0.000000,0.021543,0.000000,0.021134,0.000230
53011801,0.016970,0.000000,0.018995,0.000000,0.020187,0.000000,0.021036,0.000000,0.021043,0.000141
53011802,0.022813,0.000000,0.022306,0.000000,0.021870,0.000000,0.021477,0.000000,0.021103,0.000589
53011901,0.014103,0.006024,0.017561,0.000000,0.019466,0.000000,0.020624,0.000000,0.021033,0.000147
53011903,0.021242,0.000000,0.021240,0.000000,0.021580,0.000000,0.021422,0.000000,0.021073,0.009425
53011904,0.016262,0.024390,0.018684,0.024390,0.020167,0.023810,0.021026,0.000000,0.021043,0.019111
53011905,0.017325,0.000000,0.019276,0.000000,0.020419,0.000000,0.021236,0.000000,0.021053,0.000361
53011906,0.019461,0.011628,0.020401,0.000000,0.021117,0.011765,0.021410,0.011364,0.021063,0.000279
53012001,0.021600,0.000000,0.021517,0.000000,0.021580,0.000000,0.021421,0.000000,0.021073,0.000101
53012402,0.035556,0.000000,0.035145,0.000000,0.034735,0.000000,0.034326,0.000000,0.033917,0.000343
53012404,0.022702,0.000000,0.022233,0.000000,0.021832,0.000000,0.021455,0.000000,0.021084,0.000246
53012406,0.022652,0.000000,0.022207,0.000000,0.021821,0.000000,0.021445,0.000000,0.021083,0.000933
53012507,0.019823,0.000000,0.020682,0.000000,0.021121,0.000000,0.021411,0.000000,0.021063,0.000376
53012601,0.019466,0.015625,0.020404,0.000000,0.021118,0.000000,0.021410,0.000000,0.021063,0.000256
53012701,0.020176,0.000000,0.020684,0.000000,0.021121,0.000000,0.021411,0.000000,0.021063,0.000242
53012702,0.022626,0.000000,0.022203,0.000000,0.021819,0.000000,0.021444,0.000000,0.021083,0.000417
53012703,0.021957,0.000000,0.021797,0.000000,0.021784,0.000000,0.021422,0.000000,0.021073,0.000343
53012706,0.020176,0.000000,0.020684,0.000000,0.021121,0.000000,0.021411,0.000000,0.021063,0.000258
53012707,0.020176,0.000000,0.020684,0.000000,0.021121,0.000000,0.021411,0.000000,0.021063,0.000143
53012708,0.018399,0.000000,0.019842,0.000000,0.020656,0.000000,0.021238,0.000000,0.021053,0.000459
53020101,0.023307,0.000000,0.022573,0.078431,0.022019,0.000000,0.021555,0.000000,0.021144,0.000357
53020103,0.035556,0.000000,0.035145,0.000000,0.034735,0.000000,0.034326,0.061069,0.033917,0.058563
53020106,0.035556,0.000000,0.035145,0.000000,0.034735,0.000000,0.034326,0.000000,0.033917,0.000511
53020109,0.035556,0.000000,0.035145,0.010638,0.034735,0.000000,0.034326,0.000000,0.033917,0.000196
53020204,0.022813,0.009804,0.022306,0.004525,0.021870,0.000000,0.021477,0.000000,0.021103,0.010770
53020403,0.035556,0.007937,0.035145,0.015385,0.034735,0.015873,0.034326,0.000000,0.033917,0.007549
53020404,0.035556,0.000000,0.035145,0.020000,0.034735,0.020000,0.034326,0.000000,0.033917,0.017928
53020407,0.035556,0.000000,0.035145,0.000000,0.034735,0.000000,0.034326,0.000000,0.033917,0.011156
53020410,0.035556,0.000000,0.035145,0.000000,0.034735,0.008621,0.034326,0.000000,0.033917,0.008484
53020505,0.035556,0.000000,0.035145,0.000000,0.034735,0.000000,0.034326,0.000000,0.033917,0.000128
53020901,0.018393,0.000000,0.019838,0.000000,0.020655,0.007042,0.021238,0.000000,0.021053,0.000181
53021701,0.035556,0.000000,0.035145,0.000000,0.034735,0.000000,0.034326,0.007692,0.033917,0.006710
53021702,0.013740,0.000000,0.017274,0.000000,0.019461,0.000000,0.020622,0.000000,0.021032,0.000161
53021801,0.016970,0.010417,0.018995,0.018692,0.020187,0.020833,0.021036,0.000000,0.021043,0.025639
53021806,0.035556,0.007634,0.035145,0.022222,0.034735,0.019868,0.034326,0.000000,0.033917,0.000192
53021807,0.035556,0.000000,0.035145,0.000000,0.034735,0.000000,0.034326,0.000000,0.033917,0.000176
53021809,0.018393,0.000000,0.019838,0.012195,0.020655,0.000000,0.021238,0.000000,0.021053,0.000343
53021812,0.022603,0.000000,0.022185,0.000000,0.021806,0.000000,0.021443,0.000000,0.021083,0.000361
53021814,0.022626,0.000000,0.022203,0.037037,0.021819,0.000000,0.021444,0.000000,0.021083,0.000330
53021815,0.035556,0.008850,0.035145,0.009091,0.034735,0.008850,0.034326,0.000000,0.033917,0.008279
53022701,0.035556,0.005128,0.035145,0.000000,0.034735,0.000000,0.034326,0.000000,0.033917,0.000220
53022703,0.015544,0.000000,0.018147,0.000000,0.019939,0.000000,0.020829,0.000000,0.021033,0.000253
53030201,0.035556,0.000000,0.035145,0.000000,0.034735,0.000000,0.034326,0.000000,0.033917,0.000181
53030204,0.013018,0.000000,0.016701,0.004367,0.018985,0.000000,0.020414,0.000000,0.021023,0.000195
53030804,0.020884,0.000000,0.021238,0.000000,0.021579,0.000000,0.021421,0.000000,0.021073,0.699155
53051001,0.022723,0.000000,0.022250,0.026667,0.021846,0.000000,0.021466,0.000000,0.021093,0.012365
53051005,0.015537,0.016667,0.018143,0.000000,0.019937,0.000000,0.020828,0.000000,0.021033,0.000177
53070701,0.022714,0.000000,0.022245,0.000000,0.021843,0.000000,0.021464,0.000000,0.021093,0.000209
53070705,0.018401,0.000000,0.019843,0.000000,0.020657,0.000000,0.021238,0.000000,0.021053,0.000132
53070802,0.010859,0.000000,0.015535,0.000000,0.018486,0.000000,0.020197,0.000000,0.021021,0.000230
53070903,0.022603,0.210526,0.022185,0.085714,0.021806,0.000000,0.021443,0.000000,0.021083,0.000234
53070906,0.021246,0.000000,0.021242,0.000000,0.021581,0.000000,0.021422,0.000000,0.021073,0.000444
53070909,0.014469,0.000000,0.017573,0.000000,0.019472,0.000000,0.020626,0.000000,0.021033,0.000202
53071002,0.022811,0.000000,0.022305,0.000000,0.021869,0.000000,0.021477,0.000000,0.021103,0.000295
53071005,0.016970,0.000000,0.018995,0.000000,0.020187,0.000000,0.021036,0.000000,0.021043,0.000194
53071205,0.015175,0.000000,0.018134,0.000000,0.019933,0.000000,0.020827,0.000000,0.021033,0.000444
53071206,0.018751,0.000000,0.019845,0.000000,0.020658,0.000000,0.021238,0.000000,0.021053,0.000382
53071407,0.017686,0.000000,0.019282,0.000000,0.020422,0.000000,0.021237,0.000000,0.021053,0.000220
53080105,0.022813,0.000000,0.022306,0.000000,0.021870,0.000000,0.021477,0.000000,0.021103,0.028523
53080201,0.022578,0.000000,0.022176,0.000000,0.021796,0.000000,0.021433,0.000000,0.021074,0.000268
53080301,0.022665,0.000000,0.022220,0.000000,0.021821,0.000000,0.021445,0.000000,0.021084,0.000298
53080304,0.018751,0.000000,0.019845,0.000000,0.020658,0.007042,0.021238,0.021127,0.021053,0.000195
53080401,0.022569,0.000000,0.022171,0.006135,0.021794,0.000000,0.021432,0.000000,0.021074,0.000159
53080405,0.022629,0.000000,0.022205,0.000000,0.021820,0.000000,0.021444,0.000000,0.021083,0.000263
53080406,0.016970,0.000000,0.018995,0.000000,0.020187,0.000000,0.021036,0.000000,0.021043,0.000298
53080508,0.017686,0.000000,0.019282,0.000000,0.020422,0.000000,0.021237,0.000000,0.021053,0.000242
53100306,0.035556,0.000000,0.035145,0.000000,0.034735,0.000000,0.034326,0.000000,0.033917,0.000232
53140301,0.017686,0.000000,0.019282,0.028571,0.020422,0.000000,0.021237,0.000000,0.021053,0.013072
53170101,0.017196,0.005348,0.019204,0.000000,0.020380,0.011236,0.021214,0.000000,0.021051,0.045805
53170102,0.014460,0.000000,0.017568,0.000000,0.019470,0.000000,0.020625,0.000000,0.021033,0.021116
53170301,0.022943,0.008264,0.022366,0.012618,0.021907,0.000000,0.021498,0.000000,0.021113,0.109397
53170303,0.011217,0.000000,0.015821,0.032710,0.018491,0.000000,0.020199,0.036842,0.021021,0.000108
53170306,0.010490,0.000000,0.015521,0.003846,0.018479,0.000000,0.020194,0.000000,0.021021,0.009858
 7060211,0.020485,0.019231,0.019868,0.000000,0.019387,0.000000,0.018975,0.000000,0.018614,0.002470
 7060803,0.031578,0.000000,0.031206,0.000000,0.030835,0.000000,0.030465,0.000000,0.030095,0.001882
 7060805,0.031578,0.000000,0.031206,0.000000,0.030835,0.000000,0.030465,0.000000,0.030095,0.001763
 7060809,0.031578,0.000000,0.031206,0.000000,0.030835,0.000000,0.030465,0.000000,0.030095,0.001266
 7060810,0.031578,0.019417,0.031206,0.000000,0.030835,0.015748,0.030465,0.030534,0.030095,0.019511
 7060811,0.020566,0.000000,0.019908,0.007407,0.019404,0.000000,0.018987,0.000000,0.018615,0.001077
 7060812,0.031578,0.000000,0.031206,0.011628,0.030835,0.000000,0.030465,0.000000,0.030095,0.001609
 7060813,0.014301,0.027397,0.016405,0.000000,0.017638,0.032258,0.018532,0.031746,0.018532,0.027323
 7070103,0.020412,0.010000,0.019814,0.000000,0.019360,0.000000,0.018963,0.000000,0.018605,0.639898
 7070109,0.020066,0.000000,0.019637,0.082192,0.019255,0.000000,0.018903,0.000000,0.018573,0.001256
 7070405,0.013278,0.012097,0.016027,0.003817,0.017630,0.000000,0.018530,0.000000,0.018531,0.000591
 7070408,0.019932,0.014815,0.019562,0.000000,0.019211,0.009174,0.018879,0.101695,0.018563,0.001744
 7070410,0.011739,0.004219,0.014910,0.018349,0.016781,0.003012,0.018076,0.045181,0.018521,0.050676
 7070412,0.013278,0.019048,0.016027,0.012739,0.017630,0.007519,0.018530,0.000000,0.018531,0.001266
 7070502,0.019983,0.000000,0.019579,0.007407,0.019225,0.000000,0.018890,0.000000,0.018563,0.025993
 7070505,0.017896,0.000000,0.018255,0.005747,0.018757,0.017647,0.018855,0.000000,0.018543,0.482117
 7070506,0.020354,0.000000,0.019791,0.000000,0.019343,0.000000,0.018950,0.000000,0.018595,0.022079
 7070507,0.020847,0.000000,0.020056,0.000000,0.019490,0.000000,0.019034,0.013245,0.018646,0.001070
 7070508,0.019983,0.000000,0.019579,0.000000,0.019225,0.005988,0.018890,0.017751,0.018563,0.022897
 7090403,0.031578,0.023438,0.031206,0.038462,0.030835,0.033333,0.030465,0.041237,0.030095,0.001005
27010303,0.018916,0.006061,0.018980,0.010929,0.019031,0.000000,0.018865,0.026042,0.018552,0.025163
27010306,0.014301,0.047619,0.016405,0.005000,0.017638,0.000000,0.018532,0.000000,0.018532,0.000610
27010502,0.014301,0.000000,0.016405,0.000000,0.017638,0.000000,0.018532,0.000000,0.018532,0.000404
27010701,0.031578,0.000000,0.031206,0.000000,0.030835,0.000000,0.030465,0.000000,0.030095,0.000566
27010702,0.016796,0.008734,0.017843,0.000000,0.018457,0.000000,0.018843,0.000000,0.018542,0.001707
27010703,0.020007,0.000000,0.019598,0.000000,0.019239,0.009346,0.018901,0.000000,0.018573,0.000533
27010704,0.014301,0.000000,0.016405,0.013699,0.017638,0.000000,0.018532,0.000000,0.018532,0.000729
27010705,0.011739,0.000000,0.014910,0.000000,0.016781,0.000000,0.018076,0.000000,0.018521,0.000582
27010707,0.020383,0.000000,0.019810,0.000000,0.019358,0.019608,0.018963,0.010101,0.018604,0.010107
27010708,0.020622,0.000000,0.019928,0.000000,0.019418,0.018405,0.018999,0.018182,0.018625,0.000353
27010801,0.019959,0.006897,0.019581,0.000000,0.019226,0.000000,0.018891,0.009434,0.018563,0.000566
27010802,0.015843,0.000000,0.017137,0.000000,0.018192,0.000000,0.018753,0.000000,0.018541,0.000712
27010805,0.031578,0.000000,0.031206,0.000000,0.030835,0.000000,0.030465,0.000000,0.030095,0.000856
27010807,0.015326,0.000000,0.017143,0.057692,0.018196,0.000000,0.018756,0.000000,0.018541,0.000481
27011301,0.031578,0.023810,0.031206,0.035714,0.030835,0.000000,0.030465,0.022222,0.030095,0.000675
27011404,0.020219,0.000000,0.019712,0.034884,0.019298,0.034783,0.018926,0.000000,0.018584,0.032448
27011411,0.019878,0.000000,0.019350,0.000000,0.019196,0.000000,0.018878,0.000000,0.018562,0.001055
27011701,0.031578,0.025862,0.031206,0.023810,0.030835,0.020548,0.030465,0.000000,0.030095,0.000423
27011704,0.019932,0.000000,0.019562,0.000000,0.019211,0.000000,0.018879,0.000000,0.018563,0.000418
27011708,0.018406,0.000000,0.018618,0.000000,0.019031,0.000000,0.018866,0.000000,0.018552,0.001620
27011804,0.017895,0.036364,0.018254,0.000000,0.018757,0.000000,0.018855,0.000000,0.018543,0.000974
27012202,0.011222,0.010870,0.014898,0.000000,0.016774,0.000000,0.018073,0.000000,0.018520,0.000533
27012304,0.017378,0.016667,0.018247,0.042553,0.018754,0.000000,0.018854,0.000000,0.018542,0.001151
27020102,0.020251,0.047619,0.019735,0.000000,0.019315,0.000000,0.018939,0.000000,0.018594,0.000447
27020103,0.020769,0.000000,0.020018,0.000000,0.019460,0.000000,0.019022,0.000000,0.018636,0.019425
27020108,0.014813,0.000000,0.016773,0.017699,0.017913,0.017699,0.018531,0.000000,0.018532,0.000529
27020410,0.014301,0.000000,0.016405,0.000000,0.017638,0.000000,0.018532,0.000000,0.018532,0.475872
27020601,0.019435,0.004525,0.019349,0.004367,0.019196,0.000000,0.018878,0.000000,0.018562,0.000274
27020602,0.013278,0.000000,0.016027,0.000000,0.017630,0.000000,0.018530,0.000000,0.018531,0.000566
27020604,0.017380,0.000000,0.018248,0.000000,0.018754,0.000000,0.018854,0.000000,0.018542,0.000418
27020605,0.020064,0.008772,0.019636,0.000000,0.019254,0.000000,0.018903,0.000000,0.018573,0.000432
27020607,0.020116,0.019737,0.019656,0.007874,0.019269,0.000000,0.018914,0.000000,0.018574,0.000359
27020801,0.031578,0.023256,0.031206,0.032609,0.030835,0.047059,0.030465,0.047059,0.030095,0.000484
27020803,0.019435,0.009434,0.019349,0.000000,0.019196,0.018750,0.018878,0.000000,0.018562,0.007425
27020910,0.010699,0.000000,0.014517,0.000000,0.016765,0.000000,0.018070,0.000000,0.018520,0.000905
27021002,0.019901,0.000000,0.019538,0.000000,0.019209,0.000000,0.018878,0.000000,0.018562,0.000610
27021005,0.011229,0.000000,0.014901,0.000000,0.016776,0.000000,0.018074,0.000000,0.018520,0.000654
27040309,0.015326,0.000000,0.017143,0.019231,0.018196,0.019231,0.018756,0.011429,0.018541,0.000345
27050201,0.018916,0.000000,0.018980,0.018405,0.019031,0.010526,0.018865,0.010204,0.018552,0.034586
27050205,0.011222,0.000000,0.014898,0.016129,0.016774,0.000000,0.018073,0.000000,0.018520,0.073332
27050206,0.015847,0.000000,0.017140,0.007812,0.018193,0.006944,0.018753,0.000000,0.018541,0.020392
27050504,0.012760,0.000000,0.015652,0.000000,0.017346,0.000000,0.018304,0.000000,0.018521,0.000484
27050701,0.013272,0.000000,0.016024,0.018182,0.017629,0.000000,0.018530,0.000000,0.018531,0.000447
27050705,0.012760,0.000000,0.015652,0.000000,0.017346,0.000000,0.018304,0.000000,0.018521,0.000467
27050803,0.013278,0.000000,0.016027,0.011029,0.017630,0.000000,0.018530,0.000000,0.018531,0.014927
27050806,0.031578,0.000000,0.031206,0.000000,0.030835,0.000000,0.030465,0.000000,0.030095,0.027163
27060201,0.031578,0.000000,0.031206,0.000000,0.030835,0.000000,0.030465,0.000000,0.030095,0.010107
27060203,0.017896,0.015873,0.018255,0.000000,0.018757,0.000000,0.018855,0.000000,0.018543,0.000823
27060403,0.031578,0.000000,0.031206,0.000000,0.030835,0.018868,0.030465,0.000000,0.030095,0.008701
27060404,0.021055,0.000000,0.020172,0.000000,0.019549,0.000000,0.019071,0.000000,0.018666,0.000467
27060405,0.019878,0.000000,0.019350,0.000000,0.019196,0.000000,0.018878,0.000000,0.018562,0.012192
27060407,0.019959,0.000000,0.019581,0.012987,0.019226,0.012739,0.018891,0.000000,0.018563,0.000361
27060409,0.020168,0.000000,0.019695,0.050360,0.019284,0.000000,0.018926,0.000000,0.018584,0.006001
27060411,0.015843,0.012195,0.017137,0.000000,0.018192,0.030612,0.018753,0.000000,0.018541,0.009311
27060501,0.019878,0.000000,0.019350,0.000000,0.019196,0.000000,0.018878,0.000000,0.018562,0.000435
27060506,0.017380,0.000000,0.018248,0.000000,0.018754,0.000000,0.018854,0.000000,0.018542,0.012778
27060603,0.011739,0.000000,0.014910,0.000000,0.016781,0.000000,0.018076,0.000000,0.018521,0.000682
27060705,0.020005,0.000000,0.019596,0.000000,0.019238,0.000000,0.018901,0.000000,0.018573,0.000542
27060903,0.016328,0.000000,0.017502,0.000000,0.018194,0.000000,0.018753,0.000000,0.018542,0.000932
27070103,0.015333,0.000000,0.017146,0.000000,0.018198,0.000000,0.018757,0.000000,0.018541,0.000512
27070106,0.013278,0.000000,0.016027,0.000000,0.017630,0.000000,0.018530,0.000000,0.018531,0.000319
27070405,0.013272,0.014493,0.016024,0.000000,0.017629,0.000000,0.018530,0.000000,0.018531,0.000834
27070501,0.016796,0.000000,0.017843,0.023810,0.018457,0.026316,0.018843,0.000000,0.018542,0.033798
27070502,0.020005,0.000000,0.019596,0.011628,0.019238,0.011905,0.018901,0.026316,0.018573,0.802476
27070504,0.013272,0.007143,0.016024,0.000000,0.017629,0.000000,0.018530,0.000000,0.018531,0.000447
27070512,0.013278,0.000000,0.016027,0.000000,0.017630,0.000000,0.018530,0.000000,0.018531,0.000704
27070601,0.016328,0.000000,0.017502,0.005076,0.018194,0.000000,0.018753,0.000000,0.018542,0.024086
27070603,0.017380,0.000000,0.018248,0.000000,0.018754,0.000000,0.018854,0.000000,0.018542,0.019425
27070605,0.011229,0.000000,0.014901,0.000000,0.016776,0.000000,0.018074,0.000000,0.018520,0.000604
27070612,0.031578,0.000000,0.031206,0.000000,0.030835,0.000000,0.030465,0.000000,0.030095,0.082874
27070706,0.015847,0.000000,0.017140,0.000000,0.018193,0.012987,0.018753,0.047059,0.018541,0.000746
27070804,0.017380,0.000000,0.018248,0.000000,0.018754,0.000000,0.018854,0.000000,0.018542,0.000453
27070807,0.015847,0.047945,0.017140,0.000000,0.018193,0.000000,0.018753,0.000000,0.018541,0.000426
27071004,0.020802,0.000000,0.020042,0.000000,0.019478,0.015504,0.019035,0.014925,0.018645,0.015147
27071005,0.011739,0.000000,0.014910,0.000000,0.016781,0.027273,0.018076,0.028037,0.018521,0.028306
27071102,0.013789,0.000000,0.016035,0.041667,0.017633,0.037037,0.018531,0.000000,0.018531,0.000628
27071202,0.020042,0.000000,0.019621,0.000000,0.019242,0.000000,0.018903,0.000000,0.018573,0.039182
27071402,0.017378,0.000000,0.018247,0.015504,0.018754,0.000000,0.018854,0.000000,0.018542,0.001375
27071501,0.014301,0.000000,0.016405,0.009852,0.017638,0.000000,0.018532,0.000000,0.018532,0.000262
27071507,0.011210,0.007299,0.014891,0.000000,0.016771,0.000000,0.018072,0.000000,0.018520,0.000387
27071603,0.031578,0.000000,0.031206,0.000000,0.030835,0.000000,0.030465,0.000000,0.030095,0.000945
27080102,0.019961,0.000000,0.019581,0.000000,0.019226,0.013889,0.018891,0.000000,0.018563,0.014931
27080104,0.031578,0.000000,0.031206,0.000000,0.030835,0.000000,0.030465,0.000000,0.030095,0.000389
27080202,0.020042,0.000000,0.019621,0.000000,0.019242,0.000000,0.018903,0.007692,0.018573,0.000435
27080206,0.015326,0.000000,0.017143,0.000000,0.018196,0.000000,0.018756,0.000000,0.018541,0.000533
27080310,0.019440,0.000000,0.019351,0.000000,0.019197,0.000000,0.018878,0.000000,0.018562,0.000634
27080402,0.017895,0.000000,0.018254,0.000000,0.018757,0.000000,0.018855,0.000000,0.018543,0.000410
27080404,0.013272,0.000000,0.016024,0.000000,0.017629,0.000000,0.018530,0.000000,0.018531,0.027542
27080405,0.020147,0.000000,0.019677,0.000000,0.019285,0.000000,0.018926,0.000000,0.018583,0.000297
27090311,0.019878,0.000000,0.019350,0.000000,0.019196,0.000000,0.018878,0.000000,0.018562,0.000371
27091004,0.031578,0.000000,0.031206,0.000000,0.030835,0.000000,0.030465,0.000000,0.030095,0.000529
27091006,0.031578,0.024590,0.031206,0.000000,0.030835,0.000000,0.030465,0.000000,0.030095,0.000407
27091104,0.018406,0.000000,0.018618,0.000000,0.019031,0.000000,0.018866,0.000000,0.018552,0.000488
27091107,0.031578,0.014706,0.031206,0.007092,0.030835,0.000000,0.030465,0.000000,0.030095,0.000918
27091110,0.031578,0.015267,0.031206,0.034483,0.030835,0.000000,0.030465,0.000000,0.030095,0.000399
27091112,0.031578,0.010417,0.031206,0.039604,0.030835,0.040000,0.030465,0.000000,0.030095,0.000500
27100309,0.015843,0.000000,0.017137,0.000000,0.018192,0.009259,0.018753,0.004444,0.018541,0.004681
27100401,0.020066,0.005988,0.019637,0.011429,0.019255,0.000000,0.018903,0.040000,0.018573,0.052902
27100402,0.020197,0.035294,0.019696,0.012346,0.019285,0.012346,0.018926,0.000000,0.018584,0.000697
27100403,0.031578,0.000000,0.031206,0.000000,0.030835,0.000000,0.030465,0.000000,0.030095,0.000347
27100404,0.019901,0.020408,0.019538,0.000000,0.019209,0.012579,0.018878,0.000000,0.018562,0.000389
27100405,0.019901,0.000000,0.019538,0.000000,0.019209,0.000000,0.018878,0.000000,0.018562,0.000556
27130407,0.020434,0.007092,0.019830,0.014085,0.019359,0.020408,0.018963,0.000000,0.018605,0.000410
27130410,0.013272,0.000000,0.016024,0.000000,0.017629,0.000000,0.018530,0.000000,0.018531,0.000380
27140302,0.031578,0.000000,0.031206,0.000000,0.030835,0.000000,0.030465,0.000000,0.030095,0.000359
27140406,0.015847,0.000000,0.017140,0.000000,0.018193,0.000000,0.018753,0.000000,0.018541,0.000856
27140501,0.019435,0.013889,0.019349,0.028571,0.019196,0.040000,0.018878,0.025641,0.018562,0.000729
27140603,0.016796,0.000000,0.017843,0.008850,0.018457,0.000000,0.018843,0.000000,0.018542,0.000520
27140704,0.020116,0.024096,0.019656,0.000000,0.019269,0.000000,0.018914,0.000000,0.018574,0.000737
27150101,0.017378,0.000000,0.018247,0.000000,0.018754,0.000000,0.018854,0.000000,0.018542,0.000533
27150103,0.014301,0.000000,0.016405,0.000000,0.017638,0.000000,0.018532,0.000000,0.018532,0.000387
27150104,0.014813,0.000000,0.016773,0.000000,0.017913,0.000000,0.018531,0.000000,0.018532,0.000823
27150106,0.011229,0.000000,0.014901,0.000000,0.016776,0.000000,0.018074,0.000000,0.018520,0.000792
27150108,0.031578,0.000000,0.031206,0.000000,0.030835,0.000000,0.030465,0.000000,0.030095,0.000447
27150201,0.015333,0.004831,0.017146,0.000000,0.018198,0.000000,0.018757,0.000000,0.018541,0.032635
27150205,0.031578,0.000000,0.031206,0.000000,0.030835,0.000000,0.030465,0.000000,0.030095,0.033216
27150306,0.014301,0.000000,0.016405,0.000000,0.017638,0.000000,0.018532,0.011765,0.018532,0.000661
27160301,0.016328,0.000000,0.017502,0.000000,0.018194,0.000000,0.018753,0.000000,0.018542,0.012054
49021602,0.031578,0.000000,0.031206,0.010989,0.030835,0.033333,0.030465,0.049383,0.030095,0.002257
49030903,0.020383,0.000000,0.019810,0.000000,0.019358,0.036232,0.018963,0.034483,0.018604,0.013395
49051301,0.022523,0.027027,0.021010,0.101266,0.020015,0.038961,0.019322,0.049020,0.018801,0.074589
49051601,0.031578,0.000000,0.031206,0.000000,0.030835,0.000000,0.030465,0.000000,0.030095,0.040792
49051604,0.031578,0.000000,0.031206,0.020979,0.030835,0.024390,0.030465,0.027586,0.030095,0.701181
49051605,0.020825,0.086614,0.020041,0.007692,0.019478,0.020270,0.019035,0.000000,0.018645,0.025538
49051902,0.031578,0.042735,0.031206,0.017094,0.030835,0.017094,0.030465,0.081818,0.030095,0.019633
49052003,0.020701,0.023810,0.019985,0.173913,0.019448,0.181818,0.019011,0.156863,0.018635,0.140032
49052006,0.031578,0.016667,0.031206,0.016949,0.030835,0.050847,0.030465,0.066667,0.030095,0.065342
49052009,0.021033,0.052239,0.020154,0.142857,0.019536,0.169014,0.019060,0.176056,0.018657,0.170729
49052010,0.020701,0.047170,0.019985,0.144144,0.019448,0.161616,0.019011,0.175926,0.018635,0.170513
49060102,0.015843,0.034483,0.017137,0.000000,0.018192,0.039062,0.018753,0.010989,0.018541,0.018774
49060702,0.020219,0.000000,0.019712,0.000000,0.019298,0.000000,0.018926,0.036697,0.018584,0.029242
49060706,0.019440,0.009132,0.019351,0.034483,0.019197,0.019608,0.018878,0.030303,0.018562,0.049165
49060901,0.020250,0.011111,0.019735,0.000000,0.019314,0.000000,0.018939,0.017391,0.018594,0.034982
49070203,0.020116,0.000000,0.019656,0.000000,0.019269,0.000000,0.018914,0.000000,0.018574,0.002396
49070502,0.019901,0.000000,0.019538,0.000000,0.019209,0.000000,0.018878,0.000000,0.018562,0.002936
49070503,0.020148,0.000000,0.019677,0.000000,0.019285,0.000000,0.018926,0.000000,0.018583,0.010276
49090301,0.017380,0.000000,0.018248,0.000000,0.018754,0.000000,0.018854,0.007194,0.018542,0.001819
49100201,0.031578,0.053333,0.031206,0.012987,0.030835,0.011111,0.030465,0.210526,0.030095,0.049931
49100301,0.031578,0.226852,0.031206,0.248555,0.030835,0.000000,0.030465,0.071006,0.030095,0.040603
49100302,0.021185,0.000000,0.020247,0.013699,0.019593,0.006329,0.019095,0.000000,0.018677,0.001534
49100304,0.021312,0.000000,0.020323,0.008333,0.019638,0.000000,0.019119,0.000000,0.018687,0.002639
49100305,0.020701,0.063830,0.019985,0.000000,0.019448,0.029412,0.019011,0.081818,0.018635,0.018496
49110301,0.019983,0.000000,0.019579,0.000000,0.019225,0.000000,0.018890,0.000000,0.018563,0.062781
49110306,0.021007,0.000000,0.020154,0.000000,0.019536,0.000000,0.019059,0.000000,0.018656,0.002059
49110602,0.031578,0.000000,0.031206,0.000000,0.030835,0.000000,0.030465,0.000000,0.030095,0.002731
53010503,0.020219,0.000000,0.019712,0.000000,0.019298,0.000000,0.018926,0.000000,0.018584,0.000411
53010506,0.020005,0.000000,0.019596,0.000000,0.019238,0.009524,0.018901,0.009346,0.018573,0.009332
53010507,0.020147,0.000000,0.019677,0.000000,0.019285,0.000000,0.018926,0.000000,0.018583,0.000232
53011008,0.019901,0.000000,0.019538,0.000000,0.019209,0.000000,0.018878,0.000000,0.018562,0.011532
53012605,0.017896,0.000000,0.018255,0.000000,0.018757,0.000000,0.018855,0.000000,0.018543,0.000226
53012606,0.016796,0.000000,0.017843,0.000000,0.018457,0.000000,0.018843,0.000000,0.018542,0.000366
53020301,0.020380,0.004525,0.019809,0.004367,0.019357,0.007937,0.018962,0.000000,0.018604,0.000196
53020303,0.020170,0.009434,0.019696,0.008130,0.019285,0.008475,0.018926,0.008475,0.018584,0.000393
53020307,0.020723,0.000000,0.019986,0.000000,0.019448,0.000000,0.019011,0.000000,0.018635,0.027754
53020314,0.020250,0.000000,0.019735,0.011111,0.019314,0.000000,0.018939,0.000000,0.018594,0.000274
53020501,0.020690,0.000000,0.019979,0.000000,0.019444,0.000000,0.019010,0.000000,0.018635,0.000136
53020502,0.031578,0.000000,0.031206,0.000000,0.030835,0.000000,0.030465,0.000000,0.030095,0.000136
53020701,0.014301,0.004717,0.016405,0.000000,0.017638,0.000000,0.018532,0.000000,0.018532,0.008698
53020702,0.018916,0.006803,0.018980,0.000000,0.019031,0.000000,0.018865,0.000000,0.018552,0.000168
53020703,0.019902,0.000000,0.019539,0.000000,0.019209,0.000000,0.018878,0.000000,0.018562,0.000140
53020705,0.020064,0.000000,0.019636,0.000000,0.019254,0.000000,0.018903,0.000000,0.018573,0.000183
53020706,0.020005,0.000000,0.019596,0.000000,0.019238,0.000000,0.018901,0.000000,0.018573,0.000142
53020707,0.020042,0.000000,0.019621,0.000000,0.019242,0.000000,0.018903,0.000000,0.018573,0.000213
53020708,0.018406,0.000000,0.018618,0.000000,0.019031,0.000000,0.018866,0.000000,0.018552,0.000132
53020711,0.020197,0.015873,0.019696,0.000000,0.019285,0.000000,0.018926,0.000000,0.018584,0.000123
53021004,0.017896,0.000000,0.018255,0.000000,0.018757,0.000000,0.018855,0.000000,0.018543,0.000108
53021101,0.017380,0.014925,0.018248,0.000000,0.018754,0.000000,0.018854,0.000000,0.018542,0.000240
53021103,0.031578,0.000000,0.031206,0.000000,0.030835,0.000000,0.030465,0.000000,0.030095,0.000277
53021104,0.019902,0.000000,0.019539,0.000000,0.019209,0.000000,0.018878,0.000000,0.018562,0.000217
53021106,0.031578,0.000000,0.031206,0.000000,0.030835,0.000000,0.030465,0.000000,0.030095,0.000164
53021901,0.031578,0.000000,0.031206,0.000000,0.030835,0.000000,0.030465,0.000000,0.030095,0.000098
53021902,0.017896,0.000000,0.018255,0.000000,0.018757,0.000000,0.018855,0.000000,0.018543,0.007343
53022405,0.019902,0.000000,0.019539,0.005263,0.019209,0.000000,0.018878,0.000000,0.018562,0.000115
53022501,0.031578,0.000000,0.031206,0.004808,0.030835,0.000000,0.030465,0.000000,0.030095,0.000108
53022502,0.031578,0.000000,0.031206,0.000000,0.030835,0.000000,0.030465,0.000000,0.030095,0.000171
53022503,0.013272,0.000000,0.016024,0.000000,0.017629,0.000000,0.018530,0.000000,0.018531,0.000187
53022504,0.031578,0.000000,0.031206,0.000000,0.030835,0.000000,0.030465,0.000000,0.030095,0.000308
53022505,0.019435,0.016129,0.019349,0.000000,0.019196,0.000000,0.018878,0.000000,0.018562,0.000393
53022506,0.015843,0.000000,0.017137,0.000000,0.018192,0.000000,0.018753,0.000000,0.018541,0.000228
53030206,0.017380,0.000000,0.018248,0.000000,0.018754,0.000000,0.018854,0.000000,0.018542,0.000136
53050903,0.020042,0.000000,0.019621,0.000000,0.019242,0.000000,0.018903,0.000000,0.018573,0.000207
53051202,0.014301,0.008746,0.016405,0.008357,0.017638,0.000000,0.018532,0.000000,0.018532,0.009514
53060103,0.017896,0.023392,0.018255,0.005405,0.018757,0.005405,0.018855,0.000000,0.018543,0.000137
53060108,0.014813,0.000000,0.016773,0.000000,0.017913,0.000000,0.018531,0.000000,0.018532,0.000268
53060201,0.019959,0.012097,0.019581,0.000000,0.019226,0.000000,0.018891,0.000000,0.018563,0.006260
53060203,0.013789,0.023077,0.016035,0.023077,0.017633,0.000000,0.018531,0.000000,0.018531,0.000232
53060206,0.017380,0.005025,0.018248,0.000000,0.018754,0.000000,0.018854,0.000000,0.018542,0.000114
53060301,0.031578,0.022293,0.031206,0.031847,0.030835,0.052117,0.030465,0.000000,0.030095,0.012465
53060302,0.016328,0.000000,0.017502,0.000000,0.018194,0.000000,0.018753,0.000000,0.018542,0.000291
53060303,0.012760,0.000000,0.015652,0.000000,0.017346,0.000000,0.018304,0.000000,0.018521,0.000311
53060402,0.013278,0.000000,0.016027,0.000000,0.017630,0.000000,0.018530,0.000000,0.018531,0.000271
53060403,0.019878,0.009804,0.019350,0.000000,0.019196,0.000000,0.018878,0.000000,0.018562,0.000228
53060404,0.017378,0.000000,0.018247,0.000000,0.018754,0.015625,0.018854,0.000000,0.018542,0.000212
53060405,0.031578,0.043011,0.031206,0.000000,0.030835,0.013605,0.030465,0.000000,0.030095,0.000143
53060406,0.031578,0.000000,0.031206,0.000000,0.030835,0.000000,0.030465,0.000000,0.030095,0.000308
53060502,0.031578,0.023529,0.031206,0.000000,0.030835,0.000000,0.030465,0.000000,0.030095,0.034372
53060505,0.017380,0.012658,0.018248,0.004098,0.018754,0.000000,0.018854,0.000000,0.018542,0.000124
53060506,0.011222,0.000000,0.014898,0.000000,0.016774,0.000000,0.018073,0.000000,0.018520,0.000444
53060507,0.020219,0.013158,0.019712,0.000000,0.019298,0.000000,0.018926,0.000000,0.018584,0.000308
53060508,0.031578,0.000000,0.031206,0.000000,0.030835,0.000000,0.030465,0.000000,0.030095,0.000542
53060510,0.031578,0.021978,0.031206,0.000000,0.030835,0.000000,0.030465,0.000000,0.030095,0.000238
53060601,0.031578,0.000000,0.031206,0.014599,0.030835,0.023622,0.030465,0.039370,0.030095,0.038650
53060710,0.014301,0.000000,0.016405,0.000000,0.017638,0.000000,0.018532,0.000000,0.018532,0.000576
53060901,0.031578,0.000000,0.031206,0.000000,0.030835,0.000000,0.030465,0.000000,0.030095,0.000205
53060905,0.031578,0.000000,0.031206,0.000000,0.030835,0.000000,0.030465,0.000000,0.030095,0.011663
53070301,0.018916,0.000000,0.018980,0.000000,0.019031,0.000000,0.018865,0.000000,0.018552,0.005550
53070302,0.020170,0.000000,0.019696,0.000000,0.019285,0.000000,0.018926,0.000000,0.018584,0.000271
53070304,0.019902,0.000000,0.019539,0.000000,0.019209,0.000000,0.018878,0.000000,0.018562,0.000194
53070306,0.031578,0.000000,0.031206,0.000000,0.030835,0.000000,0.030465,0.000000,0.030095,0.000542
53070702,0.031578,0.000000,0.031206,0.000000,0.030835,0.000000,0.030465,0.000000,0.030095,0.000430
53070707,0.020693,0.000000,0.019981,0.000000,0.019445,0.020833,0.019010,0.000000,0.018635,0.000219
53070709,0.019440,0.000000,0.019351,0.000000,0.019197,0.000000,0.018878,0.000000,0.018562,0.000230
53071301,0.018916,0.000000,0.018980,0.000000,0.019031,0.000000,0.018865,0.000000,0.018552,0.000102
53071303,0.020197,0.000000,0.019696,0.000000,0.019285,0.008130,0.018926,0.000000,0.018584,0.000181
53071306,0.020622,0.000000,0.019928,0.000000,0.019418,0.000000,0.018999,0.000000,0.018625,0.000151
53080208,0.031578,0.000000,0.031206,0.000000,0.030835,0.000000,0.030465,0.000000,0.030095,0.000251
53080901,0.031578,0.000000,0.031206,0.000000,0.030835,0.000000,0.030465,0.000000,0.030095,0.000274
53110311,0.017380,0.000000,0.018248,0.000000,0.018754,0.007092,0.018854,0.000000,0.018542,0.007080
53110501,0.020331,0.000000,0.019775,0.000000,0.019330,0.000000,0.018951,0.000000,0.018594,0.019111
53130101,0.031578,0.000000,0.031206,0.025157,0.030835,0.000000,0.030465,0.016760,0.030095,0.022241
53130104,0.016328,0.000000,0.017502,0.003922,0.018194,0.000000,0.018753,0.003937,0.018542,0.007886
53130108,0.017380,0.000000,0.018248,0.000000,0.018754,0.000000,0.018854,0.000000,0.018542,0.000198
53130402,0.020331,0.000000,0.019775,0.041958,0.019330,0.006897,0.018951,0.000000,0.018594,0.000178
53140101,0.031578,0.002375,0.031206,0.003115,0.030835,0.000000,0.030465,0.000000,0.030095,0.000080
53140207,0.015333,0.011429,0.017146,0.011696,0.018198,0.008772,0.018757,0.029703,0.018541,0.029088
