 village_id,model_ent_1988,data_ent_1988,model_ent_1990,data_ent_1990,model_ent_1992,data_ent_1992,model_ent_1994,data_ent_1994,model_ent_1996,data_ent_1996
53070306,0.054764,0.000000,0.058514,0.000000,0.035778,0.000000,0.054057,0.000000,0.054676,0.000542
53020212,0.054764,0.007246,0.058514,0.000000,0.035693,0.003247,0.037400,0.000000,0.037590,0.000084
53020213,0.025279,0.005155,0.031487,0.000000,0.035166,0.000000,0.037036,0.000000,0.054676,0.000134
53051001,0.039209,0.000000,0.039001,0.026667,0.038838,0.000000,0.038249,0.000000,0.037638,0.012365
53060405,0.033934,0.043011,0.036087,0.000000,0.053420,0.013605,0.054057,0.000000,0.037631,0.000143
53060406,0.054764,0.000000,0.034899,0.000000,0.053420,0.000000,0.038021,0.000000,0.037624,0.000308
53021707,0.041424,0.000000,0.058514,0.000000,0.039235,0.000000,0.054057,0.000000,0.054676,0.000301
53020408,0.054764,0.006579,0.058514,0.010753,0.053420,0.019608,0.054057,0.000000,0.037754,0.000253
53020403,0.054764,0.007937,0.058514,0.015385,0.036141,0.015873,0.037442,0.000000,0.037594,0.007549
53011901,0.054764,0.006024,0.030727,0.000000,0.034496,0.000000,0.036745,0.000000,0.037569,0.000147
53011906,0.030706,0.011628,0.034099,0.000000,0.036259,0.011765,0.037645,0.011364,0.037601,0.000279
53012404,0.038135,0.000000,0.038159,0.000000,0.038489,0.000000,0.038246,0.000000,0.054676,0.000246
53020707,0.029888,0.000000,0.033805,0.000000,0.036325,0.000000,0.037685,0.000000,0.037601,0.000213
53060508,0.054764,0.000000,0.031852,0.000000,0.035336,0.000000,0.037103,0.000000,0.037587,0.000542
53060507,0.054764,0.013158,0.035215,0.000000,0.037093,0.000000,0.038004,0.000000,0.037619,0.000308
53070304,0.027608,0.000000,0.032446,0.000000,0.035576,0.000000,0.054057,0.000000,0.037592,0.000194
53070301,0.026454,0.000000,0.031969,0.000000,0.035192,0.000000,0.037045,0.000000,0.037584,0.005550
53020207,0.021739,0.005952,0.029587,0.000000,0.033990,0.000000,0.036369,0.000000,0.037564,0.000132
53060203,0.022910,0.023077,0.030067,0.023077,0.034379,0.000000,0.036698,0.000000,0.037566,0.000232
53071002,0.040192,0.000000,0.058514,0.000000,0.053420,0.000000,0.038264,0.000000,0.037647,0.000295
53071006,0.031569,0.000000,0.034697,0.000000,0.036698,0.000000,0.037993,0.000000,0.037617,0.000236
53071001,0.040247,0.000000,0.039546,0.000000,0.038896,0.000000,0.038281,0.000000,0.037668,0.000181
53070106,0.027038,0.000000,0.032428,0.000000,0.035567,0.000000,0.037362,0.000000,0.037585,0.000371
53070108,0.026467,0.000000,0.031976,0.000000,0.035195,0.008850,0.037046,0.000000,0.037584,0.000199
53100306,0.054764,0.000000,0.058514,0.000000,0.053420,0.000000,0.054057,0.000000,0.054676,0.000232
53011203,0.054764,0.000000,0.058514,0.047244,0.035412,0.000000,0.037133,0.024000,0.037590,0.000097
53060108,0.054764,0.000000,0.030253,0.000000,0.053420,0.000000,0.054057,0.000000,0.054676,0.000268
53060303,0.021723,0.000000,0.029579,0.000000,0.033986,0.000000,0.036367,0.000000,0.037564,0.000311
53060403,0.027038,0.009804,0.032428,0.000000,0.035567,0.000000,0.037362,0.000000,0.037585,0.000228
53021814,0.037039,0.000000,0.058514,0.037037,0.038157,0.000000,0.038234,0.000000,0.037639,0.000330
53021807,0.026285,0.000000,0.031748,0.000000,0.035288,0.000000,0.037083,0.000000,0.037586,0.000176
53021801,0.054764,0.010417,0.058514,0.018692,0.035700,0.020833,0.037406,0.000000,0.037590,0.025639
53022701,0.023476,0.005128,0.030374,0.000000,0.053420,0.000000,0.036788,0.000000,0.037573,0.000220
53020204,0.054764,0.009804,0.058514,0.004525,0.038859,0.000000,0.054057,0.000000,0.054676,0.010770
53020711,0.032117,0.015873,0.035122,0.000000,0.053420,0.000000,0.054057,0.000000,0.054676,0.000123
53020701,0.022910,0.004717,0.030067,0.000000,0.034379,0.000000,0.054057,0.000000,0.054676,0.008698
53012506,0.040921,0.000000,0.039918,0.000000,0.039116,0.000000,0.038393,0.000000,0.037723,0.000846
53012402,0.054764,0.000000,0.038238,0.000000,0.038519,0.000000,0.038254,0.000000,0.054676,0.000343
53011803,0.038135,0.000000,0.058514,0.000000,0.053420,0.000000,0.054057,0.000000,0.054676,0.009382
53060510,0.032876,0.021978,0.035257,0.000000,0.037111,0.000000,0.038007,0.000000,0.037620,0.000238
53060502,0.054764,0.023529,0.036158,0.000000,0.037487,0.000000,0.038216,0.000000,0.054676,0.034372
53060506,0.054764,0.000000,0.028853,0.000000,0.033688,0.000000,0.036398,0.000000,0.054676,0.000444
53020203,0.031569,0.000000,0.034697,0.022472,0.036698,0.000000,0.037993,0.000000,0.054676,0.017617
53020109,0.054764,0.000000,0.058514,0.010638,0.053420,0.000000,0.054057,0.000000,0.054676,0.000196
53020201,0.032669,0.004329,0.035137,0.000000,0.037059,0.016260,0.037996,0.020080,0.037618,0.015023
53050903,0.029888,0.000000,0.033805,0.000000,0.036325,0.000000,0.037685,0.000000,0.037601,0.000207
53022008,0.040609,0.013158,0.039755,0.000000,0.053420,0.000000,0.054057,0.000000,0.054676,0.000343
53020205,0.054764,0.007042,0.058514,0.012739,0.035700,0.012346,0.037406,0.000000,0.037590,0.011990
53020103,0.054764,0.000000,0.030081,0.000000,0.053420,0.000000,0.054057,0.061069,0.054676,0.058563
53020101,0.040858,0.000000,0.039878,0.078431,0.039078,0.000000,0.038374,0.000000,0.054676,0.000357
53022005,0.034341,0.000000,0.036020,0.000000,0.053420,0.000000,0.054057,0.000000,0.054676,0.000220
53060710,0.022910,0.000000,0.030067,0.000000,0.034379,0.000000,0.054057,0.000000,0.054676,0.000576
53060901,0.026268,0.000000,0.031738,0.000000,0.053420,0.000000,0.054057,0.000000,0.054676,0.000205
53021809,0.029327,0.000000,0.033316,0.012195,0.053420,0.000000,0.037383,0.000000,0.037590,0.000343
53022703,0.054764,0.000000,0.031657,0.000000,0.035246,0.000000,0.037067,0.000000,0.037585,0.000253
53070609,0.054764,0.000000,0.058514,0.000000,0.053420,0.000000,0.054057,0.000000,0.037632,0.000311
53030804,0.054764,0.000000,0.058514,0.000000,0.037130,0.000000,0.038014,0.000000,0.037622,0.699155
53011905,0.028187,0.000000,0.032896,0.000000,0.035569,0.000000,0.037358,0.000000,0.037585,0.000361
53011903,0.033229,0.000000,0.035572,0.000000,0.037068,0.000000,0.037998,0.000000,0.037618,0.009425
53060404,0.054764,0.000000,0.031628,0.000000,0.035232,0.015625,0.037063,0.000000,0.037585,0.000212
53060201,0.054764,0.012097,0.058514,0.000000,0.053420,0.000000,0.054057,0.000000,0.054676,0.006260
53060505,0.025293,0.012658,0.058514,0.004098,0.034894,0.000000,0.036761,0.000000,0.054676,0.000124
53060103,0.054764,0.023392,0.031644,0.005405,0.053420,0.005405,0.054057,0.000000,0.054676,0.000137
53021805,0.032669,0.000000,0.035137,0.000000,0.037059,0.012821,0.037996,0.000000,0.037618,0.048480
53021813,0.054764,0.000000,0.039929,0.010309,0.053420,0.008547,0.038407,0.000000,0.037729,0.008083
53021704,0.054764,0.000000,0.034443,0.000000,0.053420,0.000000,0.054057,0.000000,0.054676,0.000065
53020410,0.054764,0.000000,0.058514,0.000000,0.053420,0.008621,0.054057,0.000000,0.037755,0.008484
53020901,0.029327,0.000000,0.033316,0.000000,0.035937,0.007042,0.037362,0.000000,0.037586,0.000181
53071205,0.025279,0.000000,0.031487,0.000000,0.035166,0.000000,0.037036,0.000000,0.037583,0.000444
53071005,0.027608,0.000000,0.032446,0.000000,0.035576,0.000000,0.037365,0.000000,0.054676,0.000194
53012305,0.033229,0.000000,0.035572,0.000000,0.037068,0.000000,0.037998,0.000000,0.037618,0.000204
53011208,0.039736,0.000000,0.058514,0.000000,0.038845,0.000000,0.038253,0.000000,0.037642,0.058908
53060301,0.054764,0.022293,0.036575,0.031847,0.037829,0.052117,0.038219,0.000000,0.037624,0.012465
53060302,0.024686,0.000000,0.031022,0.000000,0.034788,0.000000,0.036715,0.000000,0.037568,0.000291
53060402,0.054764,0.000000,0.029802,0.000000,0.053420,0.000000,0.036456,0.000000,0.037571,0.000271
53021701,0.054764,0.000000,0.058514,0.000000,0.053420,0.000000,0.054057,0.007692,0.054676,0.006710
53021815,0.054764,0.008850,0.058514,0.009091,0.039049,0.008850,0.038355,0.000000,0.037710,0.008279
53021702,0.023524,0.000000,0.058514,0.000000,0.053420,0.000000,0.054057,0.000000,0.054676,0.000161
53021812,0.036509,0.000000,0.037301,0.000000,0.053420,0.000000,0.038236,0.000000,0.037639,0.000361
53021811,0.027400,0.000000,0.032619,0.000000,0.035658,0.000000,0.037391,0.000000,0.037587,0.000279
53021806,0.054764,0.007634,0.035743,0.022222,0.053420,0.019868,0.038026,0.000000,0.037626,0.000192
53021802,0.034870,0.000000,0.036441,0.020202,0.037776,0.008475,0.038210,0.000000,0.054676,0.008484
53021803,0.029786,0.000000,0.033751,0.003175,0.036294,0.003175,0.037667,0.000000,0.037601,0.014789
53011209,0.040683,0.000000,0.039789,0.000000,0.039039,0.000000,0.038356,0.000000,0.037704,0.000230
53011802,0.040196,0.000000,0.039525,0.000000,0.053420,0.000000,0.038288,0.000000,0.054676,0.000589
53011806,0.054764,0.000000,0.058514,0.000000,0.053420,0.003663,0.054057,0.000000,0.054676,0.000089
53011801,0.054764,0.000000,0.058514,0.000000,0.053420,0.000000,0.054057,0.000000,0.054676,0.000141
53170303,0.019956,0.000000,0.028625,0.032710,0.053420,0.000000,0.036390,0.036842,0.037567,0.000108
53020706,0.029888,0.000000,0.033805,0.000000,0.036325,0.000000,0.037685,0.000000,0.037601,0.000142
53170102,0.054764,0.000000,0.030744,0.000000,0.034505,0.000000,0.036748,0.000000,0.037569,0.021116
53170101,0.054764,0.005348,0.058514,0.000000,0.035700,0.011236,0.037406,0.000000,0.037590,0.045805
53170301,0.040387,0.008264,0.039620,0.012618,0.038936,0.000000,0.038300,0.000000,0.037671,0.109397
49090206,0.037039,0.000000,0.037722,0.000000,0.038479,0.000000,0.038242,0.017241,0.037636,0.018477
49110405,0.054764,0.062500,0.058514,0.028846,0.053420,0.000000,0.054057,0.000000,0.054676,0.001878
49080201,0.027608,0.025641,0.058514,0.000000,0.053420,0.018182,0.054057,0.027523,0.037600,0.027455
49110404,0.054764,0.023810,0.037415,0.016667,0.053420,0.018293,0.054057,0.000000,0.054676,0.001364
49100402,0.054764,0.000000,0.039706,0.022857,0.053420,0.022599,0.054057,0.000000,0.037699,0.002525
49031003,0.054764,0.016129,0.058514,0.044776,0.036789,0.000000,0.038011,0.000000,0.037622,0.017040
49100401,0.040339,0.007143,0.039600,0.006536,0.053420,0.000000,0.054057,0.000000,0.037681,0.001405
49110602,0.054764,0.000000,0.037825,0.000000,0.038512,0.000000,0.054057,0.000000,0.037647,0.002731
49031102,0.040395,0.018868,0.058514,0.041667,0.053420,0.030769,0.054057,0.038760,0.054676,0.036654
49031002,0.054764,0.016260,0.036504,0.013245,0.037802,0.031250,0.038216,0.000000,0.037622,0.001296
49100405,0.039777,0.011236,0.039023,0.000000,0.038844,0.000000,0.038252,0.010204,0.037641,0.001940
49020208,0.032669,0.000000,0.035137,0.000000,0.037059,0.000000,0.037996,0.000000,0.037618,0.002024
49030102,0.054764,0.000000,0.058514,0.031250,0.053420,0.051724,0.054057,0.000000,0.037689,0.003673
49022508,0.040678,0.019608,0.039786,0.000000,0.039037,0.048780,0.038355,0.045455,0.054676,0.040040
49100404,0.040531,0.066225,0.039709,0.046358,0.038996,0.000000,0.054057,0.000000,0.037708,0.002115
49080301,0.054764,0.000000,0.058514,0.015748,0.053420,0.016000,0.054057,0.008772,0.054676,0.001791
49021605,0.031555,0.000000,0.034689,0.000000,0.036694,0.018519,0.037992,0.000000,0.037617,0.001834
49020901,0.038206,0.051282,0.038203,0.047619,0.038506,0.039216,0.054057,0.000000,0.037646,0.004125
49030405,0.054764,0.017241,0.037415,0.051724,0.053420,0.032258,0.054057,0.032258,0.037650,0.038654
49030205,0.054764,0.000000,0.058514,0.028902,0.053420,0.024540,0.054057,0.000000,0.054676,0.001241
49070101,0.040307,0.000000,0.039572,0.000000,0.038915,0.000000,0.038283,0.102941,0.037669,0.002669
49020904,0.024560,0.035294,0.030815,0.000000,0.053420,0.000000,0.036792,0.000000,0.054676,0.001564
49020202,0.031569,0.016393,0.034697,0.023256,0.036698,0.000000,0.037993,0.009174,0.037617,0.010942
49020903,0.030134,0.019608,0.033940,0.015625,0.036387,0.000000,0.037702,0.013514,0.037603,0.002525
49020201,0.054764,0.027027,0.039543,0.026316,0.038903,0.000000,0.054057,0.000000,0.037663,0.005606
49030207,0.054764,0.000000,0.039749,0.000000,0.039017,0.000000,0.038346,0.000000,0.037705,0.019462
49020203,0.040273,0.000000,0.039571,0.000000,0.053420,0.000000,0.038291,0.000000,0.037673,0.003985
49030402,0.040192,0.000000,0.039523,0.058140,0.053420,0.000000,0.054057,0.218182,0.054676,0.091803
49030401,0.054764,0.050000,0.058514,0.034091,0.053420,0.000000,0.054057,0.141176,0.037654,0.063015
49030409,0.054764,0.000000,0.058514,0.000000,0.053420,0.047619,0.054057,0.000000,0.054676,0.004524
49030403,0.054764,0.000000,0.058514,0.052632,0.053420,0.051724,0.054057,0.051724,0.037618,0.044426
49030204,0.054764,0.000000,0.058514,0.006993,0.053420,0.006369,0.054057,0.008621,0.054676,0.018717
49030201,0.054764,0.007692,0.058514,0.051852,0.053420,0.169492,0.054057,0.118644,0.054676,0.017137
49020701,0.054764,0.028571,0.058514,0.029915,0.053420,0.024896,0.036870,0.013158,0.037581,0.020624
49070103,0.054764,0.000000,0.058514,0.098160,0.053420,0.117647,0.054057,0.091503,0.037617,0.001235
49030502,0.054764,0.010309,0.036929,0.000000,0.037808,0.000000,0.038216,0.000000,0.037623,0.008957
49010606,0.040807,0.023697,0.039848,0.000000,0.039075,0.000000,0.038373,0.031343,0.037720,0.003311
49011201,0.040609,0.044304,0.039755,0.000000,0.039016,0.015464,0.038338,0.015464,0.054676,0.001128
49012305,0.041384,0.025862,0.040180,0.023438,0.039260,0.016667,0.054057,0.014388,0.037779,0.008644
49010605,0.040531,0.000000,0.039709,0.004348,0.038996,0.004405,0.038335,0.136187,0.037701,0.000969
49012302,0.041053,0.042857,0.039997,0.042254,0.053420,0.028571,0.054057,0.026667,0.054676,0.115248
49010602,0.041166,0.000000,0.040046,0.024096,0.039180,0.000000,0.038429,0.066667,0.037754,0.002446
49010604,0.054764,0.035294,0.040500,0.024000,0.039432,0.000000,0.038579,0.030211,0.054676,0.064672
49011904,0.054764,0.134615,0.040025,0.194175,0.039173,0.153846,0.038435,0.160714,0.037755,0.164943
49011907,0.041068,0.534884,0.039988,0.082569,0.039154,0.082569,0.038426,0.107143,0.037752,0.169822
49010205,0.032684,0.000000,0.035146,0.026217,0.053420,0.029316,0.054057,0.031359,0.054676,0.030396
49010202,0.041273,0.093567,0.040112,0.093567,0.039220,0.000000,0.038464,0.085271,0.037770,0.082884
49011905,0.041366,0.000000,0.040157,0.316742,0.039231,0.269231,0.038470,0.266667,0.037773,0.000985
49010203,0.040683,0.000000,0.039779,0.000000,0.039029,0.000000,0.038345,0.000000,0.037705,0.001261
49011906,0.042029,0.503145,0.040538,0.314465,0.039448,0.344828,0.038579,0.179104,0.037826,0.307643
49010601,0.041851,0.041736,0.040447,0.049719,0.039407,0.048758,0.038559,0.025930,0.054676,0.016465
49011606,0.040241,0.106796,0.039543,0.000000,0.038894,0.148515,0.038281,0.000000,0.037668,0.002174
49012001,0.040917,0.052874,0.039903,0.052874,0.039100,0.000000,0.038392,0.044444,0.037722,0.020895
49011301,0.054764,0.086957,0.058514,0.020000,0.039219,0.109091,0.038456,0.170455,0.037759,0.250278
49011801,0.054764,0.000000,0.058514,0.074906,0.039035,0.035294,0.038348,0.030717,0.037707,0.006943
49012003,0.040395,0.021429,0.039624,0.026490,0.038938,0.139303,0.038301,0.135922,0.037671,0.067767
49012013,0.040954,0.026667,0.039936,0.026667,0.039125,0.053691,0.038397,0.000000,0.037725,0.026067
49012004,0.040652,0.137931,0.039762,0.147059,0.039019,0.000000,0.038340,0.019048,0.037703,0.016332
49010306,0.054764,0.000000,0.039887,0.000000,0.039095,0.000000,0.038382,0.000000,0.037723,0.003792
49010308,0.040791,0.060606,0.039855,0.041096,0.039078,0.000000,0.038374,0.037500,0.037720,0.036421
49011806,0.054764,0.000000,0.058514,0.085859,0.053420,0.000000,0.054057,0.000000,0.054676,0.000603
49012101,0.040483,0.000000,0.039669,0.047619,0.038975,0.026667,0.038318,0.064103,0.037686,0.067277
49011804,0.054764,0.075000,0.058514,0.000000,0.038855,0.000000,0.038258,0.000000,0.037644,0.051500
49010801,0.040678,0.021739,0.039786,0.020833,0.039037,0.000000,0.038355,0.000000,0.037704,0.189455
49011101,0.040757,0.000000,0.039827,0.048780,0.039055,0.027397,0.038371,0.051948,0.037719,0.051137
49011112,0.034341,0.057143,0.036020,0.042254,0.037427,0.000000,0.038208,0.000000,0.054676,0.022845
49010803,0.038658,0.074074,0.038569,0.101695,0.038828,0.087719,0.038244,0.079365,0.037638,0.077199
49011103,0.040600,0.070175,0.039741,0.033898,0.039017,0.017241,0.038338,0.066667,0.054676,0.049910
49011110,0.040504,0.027523,0.039690,0.027523,0.038978,0.027778,0.038319,0.103774,0.054676,0.092997
49011113,0.040903,0.080000,0.039915,0.012987,0.039106,0.000000,0.038396,0.000000,0.037724,0.002936
49011104,0.040908,0.000000,0.039899,0.000000,0.053420,0.016393,0.038399,0.050000,0.037726,0.047702
49010804,0.040192,0.030769,0.039523,0.230769,0.038893,0.012821,0.038280,0.012346,0.037668,0.014220
49011106,0.040483,0.000000,0.058514,0.048387,0.053420,0.000000,0.038320,0.000000,0.037680,0.045681
49011001,0.035432,0.000000,0.058514,0.022989,0.037812,0.017544,0.054057,0.019231,0.054676,0.058943
 7070506,0.054764,0.000000,0.058514,0.000000,0.053420,0.000000,0.054057,0.000000,0.054676,0.022079
 7070505,0.054764,0.000000,0.031644,0.005747,0.053420,0.017647,0.054057,0.000000,0.037582,0.482117
 7040702,0.040483,0.019608,0.058514,0.045752,0.053420,0.031056,0.054057,0.000000,0.054676,0.043678
 7070103,0.054764,0.010000,0.058514,0.000000,0.053420,0.000000,0.054057,0.000000,0.054676,0.639898
 7060302,0.054764,0.085859,0.058514,0.076190,0.053420,0.026906,0.054057,0.031746,0.037820,0.070358
 7060305,0.054764,0.033333,0.058514,0.032609,0.053420,0.032967,0.054057,0.027778,0.054676,0.041508
 7090103,0.037154,0.014184,0.037787,0.025510,0.053420,0.026455,0.054057,0.000000,0.054676,0.021498
 7090306,0.054764,0.000000,0.058514,0.000000,0.053420,0.000000,0.054057,0.000000,0.037638,0.175779
 7060207,0.054764,0.000000,0.058514,0.000000,0.053420,0.025641,0.054057,0.020305,0.054676,0.021012
 7060206,0.037589,0.040323,0.058514,0.030769,0.053420,0.026316,0.054057,0.008772,0.054676,0.010029
 7060204,0.054764,0.000000,0.058514,0.080460,0.053420,0.017699,0.054057,0.008929,0.054676,0.010205
 7060203,0.054764,0.000000,0.058514,0.000000,0.053420,0.000000,0.054057,0.000000,0.054676,0.001113
 7060205,0.040368,0.006250,0.058514,0.006098,0.053420,0.013245,0.054057,0.006803,0.054676,0.007812
 7010813,0.041103,0.184783,0.058514,0.178947,0.039152,0.097561,0.038418,0.000000,0.054676,0.156915
 7010810,0.029327,0.000000,0.033316,0.000000,0.035937,0.000000,0.037362,0.000000,0.037586,0.003062
 7011202,0.042167,0.031250,0.040613,0.000000,0.053420,0.073529,0.038619,0.000000,0.054676,0.081641
 7011203,0.042000,0.033898,0.040520,0.116667,0.053420,0.032787,0.054057,0.000000,0.054676,0.261628
 7011208,0.040967,0.000000,0.058514,0.000000,0.053420,0.014925,0.054057,0.014493,0.054676,0.015288
 7011212,0.040972,0.080000,0.039948,0.123457,0.053420,0.045872,0.054057,0.040984,0.054676,0.040911
 7011201,0.040917,0.042254,0.039903,0.000000,0.053420,0.054054,0.054057,0.000000,0.037732,0.059280
 7050501,0.041207,0.210526,0.058514,0.072464,0.053420,0.000000,0.038442,0.112782,0.054676,0.063826
 7051205,0.040713,0.000000,0.039809,0.076923,0.053420,0.074074,0.054057,0.074074,0.054676,0.037283
 7051203,0.041384,0.018519,0.040180,0.033898,0.053420,0.031250,0.054057,0.000000,0.054676,0.002365
 7051202,0.041728,0.000000,0.040372,0.015873,0.053420,0.028571,0.054057,0.015873,0.054676,0.015700
 7051204,0.041021,0.000000,0.039968,0.000000,0.053420,0.000000,0.054057,0.000000,0.054676,0.004231
 7051103,0.054764,0.000000,0.058514,0.000000,0.053420,0.000000,0.054057,0.061224,0.054676,0.021601
 7051102,0.054764,0.000000,0.058514,0.111111,0.053420,0.000000,0.054057,0.054054,0.054676,0.041508
 7011708,0.040842,0.066667,0.039867,0.086420,0.053420,0.076923,0.054057,0.089744,0.054676,0.074942
 7011702,0.041546,0.033333,0.040260,0.028571,0.039303,0.000000,0.038502,0.026316,0.037788,0.023665
 7051701,0.040421,0.000000,0.039642,0.022556,0.053420,0.022222,0.054057,0.022222,0.037682,0.057202
 7051704,0.040387,0.016529,0.039620,0.067961,0.038936,0.037037,0.054057,0.037736,0.037677,0.074727
 7090106,0.040421,0.029851,0.058514,0.025974,0.038950,0.000000,0.038307,0.000000,0.037674,0.001926
 7010607,0.054764,0.044444,0.039803,0.050000,0.039046,0.020408,0.038360,0.014184,0.037706,0.001160
 7010701,0.037677,0.055556,0.038192,0.000000,0.038501,0.107143,0.038248,0.060976,0.037639,0.067727
 7011009,0.040390,0.000000,0.039621,0.000000,0.053420,0.000000,0.054057,0.000000,0.054676,0.018429
 7011003,0.039736,0.000000,0.038995,0.041237,0.038834,0.000000,0.054057,0.000000,0.054676,0.025702
 7011008,0.054764,0.000000,0.035213,0.000000,0.037092,0.040541,0.054057,0.000000,0.054676,0.001691
 7011010,0.041016,0.000000,0.039965,0.000000,0.039137,0.000000,0.054057,0.000000,0.037744,0.027323
 7011002,0.037059,0.000000,0.037733,0.031496,0.038484,0.000000,0.054057,0.000000,0.054676,0.058570
 7011001,0.054764,0.000000,0.035303,0.037500,0.037130,0.022989,0.054057,0.000000,0.037628,0.026327
 7011011,0.040307,0.043478,0.039572,0.027027,0.053420,0.000000,0.054057,0.000000,0.054676,0.028710
 7011403,0.040875,0.000000,0.039899,0.055556,0.053420,0.095238,0.054057,0.000000,0.054676,0.004994
 7011407,0.054764,0.000000,0.040323,0.000000,0.053420,0.028436,0.054057,0.000000,0.054676,0.001295
 7011409,0.054764,0.026667,0.058514,0.041667,0.053420,0.063492,0.054057,0.070175,0.054676,0.791150
 7011505,0.054764,0.000000,0.058514,0.000000,0.053420,0.033333,0.054057,0.000000,0.054676,0.133192
 7011601,0.040471,0.075758,0.058514,0.000000,0.038968,0.075758,0.054057,0.000000,0.054676,0.072478
 7011602,0.037039,0.072289,0.058514,0.033333,0.038157,0.019417,0.054057,0.000000,0.054676,0.111331
 7011710,0.034341,0.000000,0.036020,0.000000,0.053420,0.000000,0.054057,0.000000,0.054676,0.005148
 7011805,0.041016,0.000000,0.039965,0.023256,0.053420,0.027523,0.054057,0.107143,0.054676,0.023665
 7011907,0.054764,0.032258,0.058514,0.030303,0.053420,0.023256,0.038282,0.000000,0.054676,0.467259
 7020901,0.041273,0.145299,0.040112,0.100840,0.039220,0.081081,0.054057,0.072727,0.054676,0.072731
 7021106,0.041207,0.000000,0.058514,0.000000,0.053420,0.016129,0.054057,0.067797,0.054676,0.019031
 7040511,0.041004,0.027027,0.039956,0.000000,0.039124,0.000000,0.054057,0.000000,0.054676,0.059877
 7040509,0.054764,0.060606,0.039543,0.000000,0.038903,0.000000,0.054057,0.000000,0.037663,0.013837
 7040506,0.041166,0.113208,0.040046,0.037288,0.039180,0.091667,0.054057,0.091667,0.037760,0.777340
 7040606,0.054764,0.065574,0.058514,0.016393,0.053420,0.016129,0.054057,0.000000,0.054676,0.828087
 7040601,0.054764,0.014493,0.058514,0.007143,0.053420,0.000000,0.054057,0.000000,0.054676,0.901915
 7040608,0.054764,0.000000,0.039653,0.000000,0.038954,0.000000,0.038309,0.000000,0.037674,0.774971
 7040806,0.041273,0.028571,0.058514,0.016393,0.053420,0.033333,0.054057,0.000000,0.054676,0.030390
 7040804,0.041392,0.019608,0.058514,0.020408,0.053420,0.000000,0.054057,0.000000,0.054676,0.003062
 7040803,0.054764,0.000000,0.058514,0.000000,0.053420,0.013699,0.054057,0.000000,0.054676,0.030390
 7040801,0.054764,0.000000,0.058514,0.041667,0.053420,0.000000,0.038448,0.000000,0.037762,0.003442
 7050303,0.054764,0.020619,0.039649,0.052083,0.038952,0.000000,0.038308,0.028302,0.054676,0.001535
 7050603,0.054764,0.000000,0.058514,0.021505,0.053420,0.020833,0.054057,0.000000,0.054676,0.033523
 7050602,0.041021,0.000000,0.058514,0.000000,0.053420,0.049180,0.054057,0.000000,0.054676,0.062622
 7050604,0.054764,0.000000,0.058514,0.020408,0.053420,0.025641,0.054057,0.000000,0.054676,0.052476
 7050704,0.041025,0.066667,0.058514,0.037736,0.039134,0.000000,0.038402,0.000000,0.037727,0.003442
 7051003,0.041492,0.000000,0.058514,0.000000,0.053420,0.000000,0.054057,0.000000,0.054676,0.001726
 7051101,0.041168,0.000000,0.040057,0.021739,0.053420,0.000000,0.054057,0.000000,0.054676,0.024666
 7051104,0.041103,0.253731,0.058514,0.488372,0.053420,0.000000,0.054057,0.000000,0.054676,0.045816
 7051402,0.040537,0.000000,0.039713,0.000000,0.038997,0.050725,0.054057,0.044586,0.054676,0.044159
 7051403,0.041198,0.095652,0.040066,0.034722,0.053420,0.024845,0.054057,0.000000,0.054676,0.024324
 7060213,0.054764,0.000000,0.058514,0.000000,0.053420,0.000000,0.054057,0.000000,0.054676,0.097490
 7060208,0.054764,0.012500,0.058514,0.000000,0.053420,0.082474,0.054057,0.004566,0.054676,0.007869
 7060209,0.040570,0.012821,0.039730,0.013699,0.053420,0.000000,0.054057,0.006897,0.054676,0.007812
 7060212,0.054764,0.000000,0.058514,0.000000,0.053420,0.000000,0.054057,0.013333,0.054676,0.015090
 7060210,0.040196,0.009259,0.058514,0.000000,0.053420,0.017241,0.054057,0.018182,0.054676,0.020192
 7060808,0.054764,0.000000,0.058514,0.000000,0.036144,0.000000,0.037443,0.000000,0.054676,0.001578
 7060803,0.054764,0.000000,0.030542,0.000000,0.034608,0.000000,0.054057,0.000000,0.054676,0.001882
 7060813,0.022910,0.027397,0.030067,0.000000,0.034379,0.032258,0.036698,0.031746,0.054676,0.027323
27111009,0.040321,0.000000,0.039590,0.000000,0.038932,0.000000,0.038298,0.000000,0.037670,0.051723
27080402,0.025855,0.000000,0.031507,0.000000,0.035176,0.000000,0.054057,0.000000,0.054676,0.000410
27080404,0.021723,0.000000,0.029579,0.000000,0.053420,0.000000,0.054057,0.000000,0.054676,0.027542
27080405,0.031555,0.000000,0.034689,0.000000,0.036694,0.000000,0.054057,0.000000,0.037624,0.000297
27070706,0.024106,0.000000,0.030562,0.000000,0.034410,0.012987,0.036709,0.047059,0.054676,0.000746
27071102,0.054764,0.000000,0.029802,0.041667,0.034100,0.037037,0.036420,0.000000,0.054676,0.000628
27091006,0.054764,0.024590,0.030081,0.000000,0.034244,0.000000,0.054057,0.000000,0.037577,0.000407
27091004,0.054764,0.000000,0.030998,0.000000,0.034638,0.000000,0.054057,0.000000,0.037579,0.000529
27011411,0.027038,0.000000,0.032428,0.000000,0.053420,0.000000,0.054057,0.000000,0.054676,0.001055
27012304,0.025279,0.016667,0.031487,0.042553,0.035166,0.000000,0.037036,0.000000,0.037583,0.001151
27011404,0.032687,0.000000,0.035148,0.034884,0.053420,0.034783,0.038008,0.000000,0.037622,0.032448
27011403,0.031560,0.000000,0.034691,0.052632,0.036695,0.050000,0.037993,0.000000,0.054676,0.054027
27011301,0.054764,0.023810,0.058514,0.035714,0.053420,0.000000,0.054057,0.022222,0.054676,0.000675
27011402,0.027948,0.000000,0.032638,0.000000,0.053420,0.000000,0.054057,0.000000,0.054676,0.000488
27011417,0.033781,0.000000,0.036004,0.076923,0.037420,0.000000,0.038208,0.000000,0.037619,0.001857
27011401,0.054764,0.080537,0.032287,0.033333,0.035353,0.057803,0.054057,0.000000,0.054676,0.046905
27090501,0.037677,0.000000,0.038192,0.000000,0.038501,0.000000,0.054057,0.037500,0.054676,0.695583
27090504,0.054764,0.000000,0.058514,0.000000,0.053420,0.008130,0.054057,0.000000,0.054676,0.000504
27011906,0.030706,0.007812,0.034099,0.015152,0.036259,0.000000,0.037645,0.012500,0.037601,0.024211
27011909,0.024560,0.000000,0.030815,0.000000,0.034543,0.000000,0.036763,0.000000,0.037569,0.000682
27011901,0.027620,0.000000,0.058514,0.000000,0.053420,0.025424,0.037409,0.028037,0.037593,0.000481
27011101,0.025855,0.000000,0.058514,0.000000,0.035254,0.000000,0.037070,0.074766,0.037586,0.080449
27090202,0.039257,0.000000,0.039027,0.000000,0.038846,0.000000,0.054057,0.000000,0.037647,0.001505
27160201,0.027038,0.000000,0.032428,0.000000,0.035567,0.000000,0.037362,0.000000,0.037585,0.000628
27012011,0.040483,0.000000,0.039669,0.013333,0.038975,0.000000,0.038318,0.000000,0.037686,0.046603
27160202,0.027015,0.000000,0.032415,0.000000,0.035561,0.000000,0.037361,0.000000,0.037584,0.078111
27090601,0.054764,0.025000,0.058514,0.023392,0.053420,0.010929,0.054057,0.010811,0.054676,0.151981
27011114,0.037059,0.000000,0.037733,0.000000,0.038484,0.000000,0.038244,0.000000,0.037636,0.000538
27011603,0.027015,0.000000,0.032415,0.015385,0.035561,0.000000,0.037361,0.058140,0.037584,0.000689
27010408,0.028753,0.000000,0.033342,0.000000,0.035952,0.000000,0.037371,0.000000,0.037586,0.015144
27011115,0.028753,0.000000,0.033342,0.000000,0.035952,0.021053,0.037371,0.021053,0.037586,0.018387
27010407,0.027015,0.021739,0.032415,0.054348,0.035561,0.000000,0.054057,0.000000,0.037591,0.000556
27090604,0.054764,0.024194,0.058514,0.015385,0.053420,0.000000,0.054057,0.014599,0.037601,0.000385
27010402,0.054764,0.012500,0.058514,0.034146,0.036492,0.010152,0.037733,0.000000,0.054676,0.012054
27010405,0.020562,0.000000,0.058514,0.014286,0.033709,0.000000,0.036405,0.000000,0.054676,0.001707
27090606,0.054764,0.000000,0.058514,0.000000,0.034333,0.000000,0.036527,0.000000,0.054676,0.043193
27010404,0.021723,0.000000,0.058514,0.000000,0.053420,0.008696,0.054057,0.000000,0.054676,0.000457
27010416,0.029776,0.000000,0.033745,0.000000,0.036291,0.000000,0.037667,0.000000,0.037601,0.001804
27010401,0.054764,0.028571,0.058514,0.033333,0.053420,0.000000,0.054057,0.000000,0.054676,0.044483
27010309,0.031560,0.041176,0.034691,0.023438,0.036695,0.000000,0.037993,0.025157,0.037617,0.023309
27010410,0.033229,0.089744,0.035572,0.022727,0.037068,0.000000,0.054057,0.000000,0.054676,0.004786
27010411,0.028187,0.030534,0.058514,0.046154,0.053420,0.000000,0.054057,0.000000,0.037600,0.001130
27160404,0.021723,0.017699,0.029579,0.000000,0.033986,0.000000,0.036367,0.000000,0.037564,0.000823
27010415,0.038139,0.000000,0.038161,0.000000,0.038491,0.000000,0.038247,0.000000,0.054676,0.001804
27011210,0.025855,0.011628,0.031507,0.000000,0.035176,0.000000,0.037039,0.000000,0.037583,0.011787
27012505,0.029888,0.000000,0.058514,0.000000,0.053420,0.000000,0.054057,0.019048,0.054676,0.014715
27091104,0.054764,0.000000,0.058514,0.000000,0.035320,0.000000,0.037097,0.000000,0.054676,0.000488
27091107,0.054764,0.014706,0.058514,0.007092,0.053420,0.000000,0.036850,0.000000,0.037579,0.000918
27012502,0.054764,0.008264,0.058514,0.000000,0.053420,0.000000,0.054057,0.000000,0.054676,0.000359
27012504,0.054764,0.024793,0.033895,0.000000,0.053420,0.000000,0.037713,0.000000,0.037607,0.013124
27020803,0.054764,0.009434,0.032102,0.000000,0.053420,0.018750,0.054057,0.000000,0.054676,0.007425
27091112,0.025161,0.010417,0.058514,0.039604,0.053420,0.040000,0.054057,0.000000,0.037586,0.000500
27091110,0.054764,0.015267,0.030523,0.034483,0.034599,0.000000,0.036787,0.000000,0.037571,0.000399
27010704,0.022910,0.000000,0.030067,0.013699,0.034379,0.000000,0.036698,0.000000,0.037566,0.000729
27020604,0.025279,0.000000,0.058514,0.000000,0.053420,0.000000,0.054057,0.000000,0.037583,0.000418
27020910,0.019940,0.000000,0.028617,0.000000,0.033570,0.000000,0.036349,0.000000,0.054676,0.000905
27060501,0.027038,0.000000,0.032428,0.000000,0.035567,0.000000,0.037362,0.000000,0.054676,0.000435
27060506,0.025293,0.000000,0.031495,0.000000,0.035170,0.000000,0.037037,0.000000,0.037583,0.012778
27052007,0.026454,0.000000,0.031969,0.000000,0.053420,0.000000,0.037071,0.000000,0.054676,0.000512
27100402,0.054764,0.035294,0.035201,0.012346,0.037086,0.012346,0.054057,0.000000,0.054676,0.000697
27100403,0.030134,0.000000,0.033940,0.000000,0.036387,0.000000,0.054057,0.000000,0.054676,0.000347
53071206,0.031137,0.000000,0.030770,0.000000,0.018056,0.000000,0.030037,0.000000,0.018265,0.000382
53012501,0.017056,0.011719,0.017786,0.003704,0.018248,0.003745,0.018568,0.000000,0.018262,0.000092
53012703,0.019498,0.000000,0.019124,0.000000,0.018913,0.000000,0.018598,0.000000,0.029672,0.000343
53020209,0.011162,0.000000,0.014537,0.000000,0.016473,0.000000,0.017711,0.000000,0.018234,0.016011
53070906,0.018800,0.000000,0.018591,0.000000,0.018684,0.000000,0.018579,0.000000,0.018271,0.000444
53010301,0.019902,0.000000,0.019405,0.000000,0.019007,0.000000,0.030037,0.000000,0.029672,0.000204
53011205,0.016367,0.000000,0.017256,0.000000,0.018032,0.000000,0.018470,0.000000,0.018261,0.000271
53012307,0.015322,0.000000,0.016716,0.000000,0.017809,0.000000,0.018468,0.000000,0.018261,0.109632
53080507,0.019699,0.000000,0.019303,0.000000,0.030403,0.000000,0.030037,0.000000,0.029672,0.000502
53011904,0.014291,0.024390,0.016161,0.024390,0.017363,0.023810,0.018092,0.000000,0.018243,0.019111
53130101,0.031137,0.000000,0.014925,0.025157,0.030403,0.000000,0.030037,0.016760,0.029672,0.022241
53130108,0.013248,0.000000,0.015636,0.000000,0.017148,0.000000,0.030037,0.000000,0.029672,0.000198
53130104,0.012899,0.000000,0.015365,0.003922,0.030403,0.000000,0.030037,0.003937,0.029672,0.007886
53070302,0.018102,0.000000,0.018322,0.000000,0.018682,0.000000,0.018578,0.000000,0.018270,0.000271
53020407,0.031137,0.000000,0.019707,0.000000,0.019173,0.000000,0.018742,0.000000,0.018362,0.011156
53051005,0.013594,0.016667,0.030770,0.000000,0.030403,0.000000,0.030037,0.000000,0.018248,0.000177
53020106,0.031137,0.000000,0.030770,0.000000,0.030403,0.000000,0.030037,0.000000,0.029672,0.000511
53051003,0.016367,0.000000,0.017256,0.000000,0.018032,0.000000,0.018470,0.000000,0.018261,0.000134
53071401,0.012554,0.000000,0.015359,0.000000,0.016925,0.000000,0.017905,0.000000,0.018243,0.000173
53070802,0.009437,0.000000,0.030770,0.000000,0.016052,0.000000,0.017529,0.000000,0.029672,0.000230
53012303,0.019629,0.029762,0.019261,0.009569,0.018925,0.000000,0.018599,0.000000,0.018280,0.000531
53012708,0.016369,0.000000,0.017257,0.000000,0.018032,0.000000,0.018470,0.000000,0.029672,0.000459
53130402,0.031137,0.000000,0.018868,0.041958,0.018903,0.006897,0.030037,0.000000,0.029672,0.000178
53060905,0.013333,0.000000,0.015684,0.000000,0.017172,0.000000,0.018101,0.000000,0.018244,0.011663
53140101,0.020402,0.002375,0.030770,0.003115,0.030403,0.000000,0.018707,0.000000,0.029672,0.000080
53140301,0.015672,0.000000,0.016984,0.028571,0.017813,0.000000,0.018469,0.000000,0.018261,0.013072
53020501,0.031137,0.000000,0.030770,0.000000,0.018955,0.000000,0.030037,0.000000,0.018293,0.000136
53020705,0.017061,0.000000,0.017789,0.000000,0.018250,0.000000,0.018569,0.000000,0.018262,0.000183
53020502,0.031137,0.000000,0.030770,0.000000,0.030403,0.000000,0.030037,0.000000,0.029672,0.000136
53020708,0.014283,0.000000,0.016156,0.000000,0.017361,0.000000,0.018091,0.000000,0.018243,0.000132
53012502,0.019665,0.000000,0.019276,0.034783,0.018936,0.000000,0.018608,0.000000,0.018288,0.000202
53010801,0.011170,0.145503,0.014541,0.080745,0.030403,0.062112,0.030037,0.000000,0.029672,0.075868
53060601,0.031137,0.000000,0.018353,0.014599,0.018692,0.023622,0.030037,0.039370,0.029672,0.038650
53051202,0.031137,0.008746,0.030770,0.008357,0.030403,0.000000,0.017751,0.000000,0.018238,0.009514
53170306,0.009085,0.000000,0.013433,0.003846,0.016008,0.000000,0.017511,0.000000,0.018233,0.009858
53070909,0.031137,0.000000,0.015415,0.000000,0.016955,0.000000,0.030037,0.000000,0.018246,0.000202
53070910,0.019806,0.000000,0.019359,0.000000,0.018981,0.000000,0.018629,0.000000,0.018298,0.000347
53080508,0.015672,0.000000,0.016984,0.000000,0.030403,0.000000,0.018473,0.000000,0.018262,0.000242
53060206,0.013248,0.005025,0.015636,0.000000,0.017148,0.000000,0.018094,0.000000,0.018243,0.000114
53020404,0.031137,0.000000,0.015458,0.020000,0.016978,0.020000,0.017927,0.000000,0.018244,0.017928
53071407,0.015672,0.000000,0.030770,0.000000,0.030403,0.000000,0.018296,0.000000,0.018255,0.000220
53070502,0.015672,0.000000,0.016984,0.000000,0.017813,0.000000,0.018469,0.000000,0.018261,0.000190
53070501,0.016369,0.000000,0.017257,0.000000,0.018032,0.000000,0.018470,0.000000,0.029672,0.000234
53010606,0.015303,0.006061,0.016705,0.000000,0.017804,0.000000,0.018465,0.000000,0.029672,0.000298
53012001,0.031137,0.000000,0.018868,0.000000,0.030403,0.000000,0.030037,0.000000,0.018275,0.000101
53012601,0.017410,0.015625,0.018055,0.000000,0.030403,0.000000,0.030037,0.000000,0.029672,0.000256
53140207,0.012201,0.011429,0.015085,0.011696,0.030403,0.008772,0.017913,0.029703,0.018244,0.029088
53020702,0.014283,0.006803,0.016156,0.000000,0.017361,0.000000,0.018091,0.000000,0.029672,0.000168
53021106,0.031137,0.000000,0.030770,0.000000,0.030403,0.000000,0.030037,0.000000,0.029672,0.000164
53020703,0.014978,0.000000,0.016712,0.000000,0.017808,0.000000,0.030037,0.000000,0.029672,0.000140
53021004,0.013594,0.000000,0.015904,0.000000,0.017367,0.000000,0.018095,0.000000,0.018243,0.000108
53010306,0.014291,0.000000,0.016161,0.000000,0.017363,0.027778,0.018092,0.000000,0.029672,0.000361
53011206,0.011515,0.000000,0.014812,0.000000,0.016697,0.000000,0.017901,0.000000,0.018242,0.000376
53012701,0.018450,0.000000,0.018589,0.000000,0.018683,0.000000,0.018579,0.000000,0.029672,0.000242
53012702,0.031137,0.000000,0.019283,0.000000,0.018939,0.000000,0.018610,0.000000,0.018289,0.000417
53012406,0.019699,0.000000,0.019303,0.000000,0.018947,0.000000,0.018618,0.000000,0.018289,0.000933
53020505,0.031137,0.000000,0.030770,0.000000,0.030403,0.000000,0.030037,0.000000,0.018376,0.000128
53012507,0.017752,0.000000,0.018056,0.000000,0.018466,0.000000,0.018578,0.000000,0.018270,0.000376
49110302,0.031137,0.000000,0.030770,0.000000,0.030403,0.000000,0.030037,0.000000,0.029672,0.001819
49110304,0.031137,0.000000,0.030770,0.017699,0.030403,0.000000,0.030037,0.000000,0.029672,0.002553
49100304,0.031137,0.000000,0.030770,0.008333,0.019060,0.000000,0.030037,0.000000,0.029672,0.002639
49100201,0.031137,0.053333,0.019385,0.012987,0.030403,0.011111,0.030037,0.210526,0.029672,0.049931
49030601,0.031137,0.000000,0.030770,0.000000,0.030403,0.000000,0.018616,0.024390,0.018292,0.013301
49100302,0.031137,0.000000,0.019507,0.013699,0.030403,0.006329,0.018674,0.000000,0.029672,0.001534
49030602,0.031137,0.000000,0.030770,0.022222,0.030403,0.023810,0.018636,0.008333,0.029672,0.001878
49100301,0.031137,0.226852,0.019968,0.248555,0.030403,0.000000,0.030037,0.071006,0.029672,0.040603
49100305,0.031137,0.063830,0.019340,0.000000,0.030403,0.029412,0.030037,0.081818,0.029672,0.018496
49110401,0.031137,0.025974,0.019367,0.046512,0.030403,0.000000,0.030037,0.000000,0.018294,0.002372
49110504,0.019880,0.028986,0.019401,0.000000,0.030403,0.000000,0.018642,0.000000,0.029672,0.002731
49030301,0.031137,0.006536,0.030770,0.028571,0.030403,0.016760,0.030037,0.003460,0.029672,0.019005
49110501,0.031137,0.197802,0.019618,0.000000,0.030403,0.015625,0.030037,0.000000,0.029672,0.018503
49110403,0.019692,0.020000,0.019296,0.000000,0.030403,0.000000,0.030037,0.000000,0.018285,0.004054
49110505,0.031137,0.000000,0.030770,0.000000,0.030403,0.019608,0.018688,0.012195,0.029672,0.032407
49110506,0.031137,0.033613,0.030770,0.000000,0.030403,0.030928,0.030037,0.000000,0.029672,0.001485
49110609,0.031137,0.062500,0.030770,0.000000,0.019016,0.000000,0.030037,0.000000,0.018311,0.075196
49022507,0.031137,0.000000,0.030770,0.000000,0.030403,0.000000,0.030037,0.000000,0.029672,0.047702
49022504,0.019663,0.013333,0.019275,0.012987,0.030403,0.024096,0.030037,0.026667,0.029672,0.046335
49070301,0.019610,0.000000,0.019248,0.016129,0.018913,0.016393,0.018598,0.000000,0.018280,0.003792
49021602,0.014679,0.000000,0.030770,0.010989,0.017410,0.033333,0.030037,0.049383,0.018248,0.002257
49021609,0.016367,0.000000,0.017256,0.000000,0.018032,0.000000,0.030037,0.000000,0.018264,0.003508
49070303,0.019610,0.112150,0.019248,0.000000,0.018913,0.000000,0.018598,0.000000,0.018280,0.002096
49021601,0.031137,0.000000,0.018340,0.000000,0.018688,0.000000,0.030037,0.000000,0.018274,0.004276
49022301,0.019771,0.086957,0.019332,0.000000,0.030403,0.000000,0.030037,0.075949,0.029672,0.071822
49022303,0.031137,0.256410,0.030770,0.262295,0.030403,0.000000,0.030037,0.000000,0.029672,0.001848
49021908,0.031137,0.000000,0.018877,0.000000,0.030403,0.000000,0.030037,0.000000,0.029672,0.003731
49021901,0.031137,0.000000,0.030770,0.005525,0.019108,0.000000,0.030037,0.000000,0.029672,0.001485
49020502,0.031137,0.000000,0.030770,0.000000,0.030403,0.018519,0.018657,0.000000,0.018311,0.001940
49020105,0.031137,0.017668,0.030770,0.017544,0.030403,0.023569,0.030037,0.023569,0.018296,0.454150
49020501,0.031137,0.056818,0.030770,0.056818,0.030403,0.054348,0.018617,0.021739,0.018292,0.021525
49020108,0.031137,0.000000,0.030770,0.005195,0.030403,0.015385,0.030037,0.015385,0.029672,0.044965
49020503,0.031137,0.010989,0.030770,0.000000,0.030403,0.000000,0.030037,0.033708,0.029672,0.034480
49020104,0.019978,0.055556,0.030770,0.113565,0.030403,0.029674,0.030037,0.029674,0.018312,0.005561
49020302,0.019679,0.045872,0.019289,0.015625,0.018936,0.033058,0.018609,0.040984,0.018288,0.058434
49022101,0.019951,0.043478,0.019430,0.052083,0.019017,0.049505,0.018649,0.049505,0.018307,0.001908
49070503,0.017410,0.000000,0.030770,0.000000,0.018262,0.000000,0.018571,0.000000,0.018263,0.010276
49020704,0.012201,0.003623,0.015085,0.000000,0.030403,0.000000,0.030037,0.000000,0.018239,0.001422
49070502,0.015322,0.000000,0.016716,0.000000,0.030403,0.000000,0.030037,0.000000,0.018256,0.002936
49060901,0.019150,0.011111,0.018858,0.000000,0.018900,0.000000,0.018589,0.017391,0.029672,0.034982
49010504,0.020221,0.000000,0.019583,0.073529,0.030403,0.038961,0.030037,0.040000,0.029672,0.042856
49010503,0.016015,0.000000,0.030770,0.158730,0.030403,0.030651,0.030037,0.029630,0.029672,0.298089
49060702,0.018800,0.000000,0.030770,0.000000,0.030403,0.000000,0.030037,0.036697,0.018267,0.029242
49010701,0.031137,0.097222,0.030770,0.155340,0.019084,0.139535,0.018693,0.180723,0.029672,0.113964
49010501,0.019806,0.029586,0.019359,0.029586,0.030403,0.023669,0.030037,0.022989,0.029672,0.048781
49010508,0.020256,0.000000,0.019598,0.000000,0.030403,0.000000,0.030037,0.032086,0.029672,0.057100
49010706,0.031137,0.000000,0.019581,0.007812,0.019104,0.019417,0.018702,0.022222,0.029672,0.016699
49010507,0.021029,0.000000,0.020031,0.177778,0.030403,0.146667,0.018824,0.169231,0.029672,0.219939
49010708,0.031137,0.076923,0.019280,0.038462,0.018938,0.036364,0.018609,0.036364,0.018289,0.029092
49010302,0.031137,0.047619,0.019137,0.037736,0.018919,0.020619,0.018601,0.039604,0.018281,0.039646
49012105,0.031137,0.000000,0.019497,0.000000,0.019058,0.000000,0.018672,0.032258,0.018326,0.026774
49012107,0.020221,0.000000,0.019583,0.000000,0.019098,0.000000,0.018699,0.000000,0.018335,0.042668
49012106,0.014611,0.000000,0.016434,0.000000,0.017585,0.000000,0.018279,0.000000,0.029672,0.003616
49011401,0.014016,0.000000,0.016213,0.000000,0.017391,0.000000,0.018104,0.000000,0.018244,0.002472
49011405,0.020379,0.000000,0.019667,0.000000,0.019144,0.000000,0.018720,0.000000,0.018352,0.005887
49010911,0.020615,0.000000,0.030770,0.032258,0.030403,0.033333,0.030037,0.029412,0.029672,0.031810
49011407,0.016016,0.000000,0.017250,0.024390,0.018029,0.000000,0.018469,0.000000,0.018261,0.004054
49010905,0.020063,0.000000,0.019503,0.011364,0.030403,0.011364,0.030037,0.011765,0.018320,0.009890
49010906,0.019990,0.015152,0.019460,0.016129,0.019030,0.015873,0.030037,0.015873,0.018310,0.094742
49011005,0.018101,0.000000,0.030770,0.031915,0.018475,0.000000,0.030037,0.000000,0.029672,0.001893
49012205,0.020414,0.000000,0.019695,0.000000,0.019167,0.000000,0.018739,0.000000,0.018361,0.005350
49011006,0.031137,0.000000,0.019137,0.000000,0.018919,0.028571,0.030037,0.024390,0.029672,0.029445
49010412,0.020072,0.000000,0.019498,0.000000,0.019051,0.000000,0.018669,0.000000,0.018325,0.024296
 7070109,0.031137,0.000000,0.030770,0.082192,0.018056,0.000000,0.030037,0.000000,0.029672,0.001256
 7060811,0.019721,0.000000,0.019305,0.007407,0.018948,0.000000,0.018618,0.000000,0.029672,0.001077
 7070508,0.031137,0.000000,0.030770,0.000000,0.030403,0.005988,0.030037,0.017751,0.029672,0.022897
 7060608,0.020037,0.102564,0.030770,0.011364,0.030403,0.012500,0.030037,0.000000,0.029672,0.012369
 7060609,0.020221,0.080808,0.030770,0.040650,0.030403,0.028302,0.030037,0.000000,0.029672,0.022735
 7050801,0.031137,0.102804,0.030770,0.168224,0.030403,0.000000,0.030037,0.000000,0.029672,0.001995
 7010311,0.020648,0.000000,0.019824,0.023256,0.019239,0.021277,0.018772,0.020408,0.018380,0.022742
 7051301,0.018102,0.011236,0.018322,0.000000,0.030403,0.000000,0.018581,0.000000,0.018272,0.029791
 7051302,0.020642,0.013986,0.019821,0.016529,0.030403,0.000000,0.030037,0.000000,0.029672,0.053276
 7051304,0.019148,0.000000,0.018858,0.000000,0.030403,0.000000,0.018582,0.000000,0.018272,0.001429
 7051303,0.020344,0.006024,0.030770,0.000000,0.030403,0.036810,0.018705,0.000000,0.018337,0.000959
 7051502,0.020001,0.000000,0.019469,0.006897,0.019038,0.000000,0.018668,0.000000,0.018324,0.013950
 7051504,0.020037,0.069767,0.030770,0.000000,0.030403,0.000000,0.030037,0.000000,0.029672,0.010386
 7070502,0.031137,0.000000,0.030770,0.007407,0.030403,0.000000,0.030037,0.000000,0.029672,0.025993
 7070507,0.031137,0.000000,0.019380,0.000000,0.018986,0.000000,0.018632,0.013245,0.029672,0.001070
 7010905,0.020113,0.027027,0.030770,0.011494,0.030403,0.000000,0.030037,0.000000,0.029672,0.001744
 7010913,0.031137,0.000000,0.030770,0.027397,0.030403,0.000000,0.030037,0.000000,0.029672,0.060579
 7011301,0.031137,0.026667,0.030770,0.029412,0.030403,0.000000,0.030037,0.000000,0.018340,0.001972
 7020902,0.020229,0.024096,0.019588,0.012195,0.019100,0.000000,0.030037,0.000000,0.029672,0.001861
 7020903,0.019951,0.000000,0.030770,0.000000,0.030403,0.000000,0.030037,0.063492,0.029672,0.066895
 7040903,0.020584,0.000000,0.019788,0.000000,0.019213,0.018182,0.030037,0.000000,0.029672,0.019031
 7050601,0.031137,0.031250,0.030770,0.000000,0.030403,0.008000,0.030037,0.000000,0.029672,0.071455
 7050703,0.020446,0.135135,0.030770,0.012500,0.030403,0.000000,0.030037,0.000000,0.029672,0.061923
 7050804,0.031137,0.054688,0.030770,0.000000,0.030403,0.000000,0.030037,0.068966,0.029672,0.026769
 7050805,0.031137,0.026667,0.030770,0.000000,0.019199,0.000000,0.030037,0.000000,0.029672,0.133292
 7051601,0.020393,0.010753,0.019680,0.040816,0.030403,0.000000,0.030037,0.000000,0.029672,0.011629
 7051602,0.020700,0.027027,0.019851,0.064935,0.030403,0.012500,0.030037,0.011905,0.029672,0.013675
 7051603,0.020111,0.048077,0.019528,0.064516,0.030403,0.067308,0.030037,0.066038,0.029672,0.060079
 7051604,0.020428,0.023256,0.019694,0.000000,0.030403,0.000000,0.030037,0.000000,0.029672,0.004026
 7060102,0.020257,0.000000,0.019599,0.000000,0.030403,0.000000,0.030037,0.000000,0.029672,0.001861
 7060211,0.019679,0.019231,0.030770,0.000000,0.030403,0.000000,0.030037,0.000000,0.029672,0.002470
 7060303,0.031137,0.007634,0.019940,0.068182,0.019300,0.054264,0.018813,0.062016,0.018399,0.100315
 7060304,0.031137,0.108553,0.019678,0.084337,0.030403,0.077419,0.030037,0.102041,0.029672,0.100552
 7060412,0.031137,0.049383,0.030770,0.040000,0.018981,0.072917,0.018634,0.072917,0.029672,0.091973
 7060605,0.020236,0.057471,0.019598,0.053763,0.030403,0.058824,0.030037,0.051020,0.029672,0.021601
 7060607,0.020037,0.075269,0.030770,0.096774,0.030403,0.000000,0.030037,0.000000,0.029672,0.001370
 7060606,0.031137,0.050955,0.030770,0.078788,0.030403,0.030303,0.030037,0.000000,0.029672,0.019632
 7060601,0.020221,0.000000,0.030770,0.129032,0.030403,0.000000,0.030037,0.000000,0.029672,0.001454
 7060604,0.031137,0.204918,0.030770,0.000000,0.030403,0.038462,0.030037,0.035971,0.029672,0.034607
 7060805,0.020193,0.000000,0.019576,0.000000,0.019101,0.000000,0.018701,0.000000,0.029672,0.001763
 7060809,0.017097,0.000000,0.030770,0.000000,0.018269,0.000000,0.018572,0.000000,0.029672,0.001266
 7060806,0.020157,0.000000,0.019548,0.000000,0.019079,0.000000,0.018691,0.000000,0.029672,0.001247
 7060810,0.031137,0.019417,0.030770,0.000000,0.019040,0.015748,0.018665,0.030534,0.029672,0.019511
 7011307,0.031137,0.000000,0.019554,0.000000,0.019082,0.000000,0.018692,0.000000,0.018335,0.003931
27110707,0.020509,0.008197,0.019741,0.000000,0.019193,0.032258,0.018751,0.032000,0.018370,0.031203
27110704,0.019699,0.000000,0.019303,0.000000,0.018947,0.000000,0.030037,0.000000,0.029672,0.000834
27070804,0.013245,0.000000,0.015635,0.000000,0.017147,0.000000,0.018093,0.000000,0.018243,0.000453
27080310,0.031137,0.000000,0.016198,0.000000,0.017383,0.000000,0.018100,0.000000,0.018244,0.000634
27071402,0.013245,0.000000,0.030770,0.015504,0.030403,0.000000,0.030037,0.000000,0.018248,0.001375
27070103,0.012201,0.000000,0.030770,0.000000,0.030403,0.000000,0.030037,0.000000,0.029672,0.000512
27070106,0.031137,0.000000,0.014335,0.000000,0.016503,0.000000,0.030037,0.000000,0.029672,0.000319
27070603,0.013245,0.000000,0.015635,0.000000,0.017147,0.000000,0.018093,0.000000,0.018243,0.019425
27070612,0.012303,0.000000,0.015142,0.000000,0.016947,0.000000,0.017914,0.000000,0.018243,0.082874
27070601,0.012554,0.000000,0.015359,0.005076,0.016925,0.000000,0.030037,0.000000,0.029672,0.024086
27011708,0.013939,0.000000,0.016173,0.000000,0.017370,0.000000,0.018096,0.000000,0.018243,0.001620
27070605,0.010119,0.000000,0.030770,0.000000,0.030403,0.000000,0.030037,0.000000,0.029672,0.000604
27080104,0.031137,0.000000,0.015456,0.000000,0.016977,0.000000,0.017926,0.000000,0.018244,0.000389
27011701,0.031137,0.025862,0.014931,0.023810,0.016758,0.020548,0.017922,0.000000,0.029672,0.000423
27080102,0.031137,0.000000,0.016751,0.000000,0.017826,0.013889,0.018472,0.000000,0.018261,0.014931
27080202,0.016369,0.000000,0.030770,0.000000,0.030403,0.000000,0.030037,0.007692,0.029672,0.000435
27011804,0.031137,0.036364,0.015680,0.000000,0.030403,0.000000,0.018109,0.000000,0.018246,0.000974
27090904,0.031137,0.005128,0.030770,0.005263,0.030403,0.004831,0.030037,0.000000,0.018267,0.000293
27011504,0.013245,0.000000,0.015635,0.039370,0.017147,0.000000,0.018093,0.000000,0.018243,0.000435
27070512,0.011157,0.000000,0.014534,0.000000,0.016471,0.000000,0.017710,0.000000,0.018234,0.000704
27090903,0.017094,0.000000,0.030770,0.000000,0.018268,0.000000,0.018572,0.000000,0.018263,0.000682
27070501,0.012899,0.000000,0.015365,0.023810,0.016928,0.026316,0.030037,0.000000,0.029672,0.033798
27011503,0.014291,0.000000,0.016161,0.012048,0.017363,0.000000,0.018092,0.000000,0.029672,0.001217
27070502,0.016367,0.000000,0.017256,0.011628,0.018032,0.011905,0.030037,0.026316,0.029672,0.802476
27090907,0.031137,0.000000,0.030770,0.000000,0.030403,0.000000,0.018586,0.000000,0.018274,0.000378
27011801,0.014283,0.012048,0.016156,0.000000,0.030403,0.000000,0.030037,0.000000,0.018248,0.000369
27160301,0.012899,0.000000,0.030770,0.000000,0.016953,0.000000,0.017916,0.000000,0.029672,0.012054
27090901,0.031137,0.000000,0.030770,0.000000,0.030403,0.000000,0.018301,0.000000,0.018256,0.000450
27011803,0.010119,0.000000,0.013984,0.000000,0.016240,0.000000,0.017516,0.000000,0.018233,0.000470
27011605,0.012209,0.012121,0.015089,0.000000,0.016921,0.000000,0.017904,0.000000,0.018243,0.000746
27011508,0.013248,0.000000,0.015636,0.000000,0.017148,0.000000,0.018094,0.000000,0.018243,0.001405
27012010,0.013245,0.005780,0.015635,0.000000,0.017147,0.000000,0.018093,0.000000,0.018243,0.000345
27011608,0.013245,0.000000,0.015635,0.000000,0.017147,0.000000,0.018093,0.000000,0.018243,0.001318
27011604,0.010817,0.008130,0.014265,0.010989,0.016468,0.000000,0.017709,0.034783,0.018234,0.000500
27012003,0.031137,0.000000,0.030770,0.000000,0.017644,0.000000,0.018299,0.000000,0.029672,0.000205
27011606,0.031137,0.049180,0.018353,0.000000,0.018692,0.015873,0.018581,0.044776,0.018272,0.000918
27090412,0.014286,0.000000,0.016158,0.000000,0.017362,0.000000,0.018091,0.000000,0.018243,0.000990
27012008,0.019754,0.000000,0.019331,0.000000,0.018959,0.000000,0.018619,0.000000,0.018289,0.000415
27090307,0.019880,0.000000,0.019401,0.086022,0.019005,0.031579,0.018648,0.041667,0.029672,0.040542
27012004,0.031137,0.095238,0.015197,0.075000,0.016974,0.000000,0.017925,0.000000,0.029672,0.023859
27012002,0.018455,0.189474,0.018592,0.150000,0.018684,0.000000,0.018579,0.000000,0.018271,0.256178
27011110,0.019150,0.000000,0.018858,0.000000,0.018900,0.000000,0.018589,0.081081,0.018279,0.075575
27090303,0.019610,0.000000,0.030770,0.000000,0.018917,0.000000,0.030037,0.000000,0.029672,0.037714
27021005,0.009776,0.000000,0.013712,0.000000,0.016017,0.000000,0.017514,0.000000,0.018233,0.000654
27091405,0.031137,0.048387,0.030770,0.148148,0.030403,0.000000,0.030037,0.017857,0.029672,0.254627
27090309,0.031137,0.037037,0.017282,0.029851,0.018044,0.000000,0.030037,0.036765,0.029672,0.035107
27010406,0.019718,0.000000,0.019303,0.000000,0.018947,0.000000,0.018618,0.000000,0.018289,0.000668
27021002,0.031137,0.000000,0.016734,0.000000,0.017817,0.000000,0.018468,0.000000,0.018261,0.000610
27091402,0.012899,0.012500,0.030770,0.011905,0.030403,0.012048,0.030037,0.000000,0.029672,0.029392
27090306,0.031137,0.008333,0.014335,0.000000,0.016503,0.158730,0.030037,0.000000,0.029672,0.000402
27090311,0.014611,0.000000,0.030770,0.000000,0.017389,0.000000,0.030037,0.000000,0.029672,0.000371
27091401,0.031137,0.040359,0.030770,0.031873,0.030403,0.012000,0.030037,0.000000,0.029672,0.033045
27090804,0.031137,0.000000,0.030770,0.000000,0.030403,0.000000,0.018576,0.000000,0.029672,0.000905
27090806,0.031137,0.020325,0.013609,0.004525,0.030403,0.000000,0.030037,0.000000,0.029672,0.054886
27020102,0.019150,0.047619,0.018858,0.000000,0.018900,0.000000,0.030037,0.000000,0.029672,0.000447
27020108,0.011856,0.000000,0.030770,0.017699,0.030403,0.017699,0.017921,0.000000,0.029672,0.000529
27010502,0.011170,0.000000,0.014541,0.000000,0.016475,0.000000,0.017712,0.000000,0.018234,0.000404
27020103,0.019866,0.000000,0.030770,0.000000,0.030403,0.000000,0.018634,0.000000,0.018300,0.019425
27010708,0.031137,0.000000,0.019311,0.000000,0.030403,0.018405,0.030037,0.018182,0.018285,0.000353
27010707,0.019612,0.000000,0.019249,0.000000,0.030403,0.019608,0.030037,0.010101,0.029672,0.010107
27010705,0.010128,0.000000,0.013989,0.000000,0.016242,0.000000,0.017517,0.000000,0.018233,0.000582
27020801,0.031137,0.023256,0.030770,0.032609,0.030403,0.047059,0.017765,0.047059,0.029672,0.000484
27020607,0.031137,0.019737,0.030770,0.007874,0.030403,0.000000,0.030037,0.000000,0.018267,0.000359
27010701,0.031137,0.000000,0.030770,0.000000,0.016571,0.000000,0.030037,0.000000,0.018239,0.000566
27010303,0.014286,0.006061,0.016158,0.010929,0.030403,0.000000,0.018100,0.026042,0.018245,0.025163
27010702,0.013241,0.008734,0.015633,0.000000,0.017146,0.000000,0.018093,0.000000,0.018243,0.001707
27010703,0.016016,0.000000,0.017250,0.000000,0.018029,0.009346,0.018469,0.000000,0.018261,0.000533
27020605,0.017056,0.008772,0.030770,0.000000,0.030403,0.000000,0.030037,0.000000,0.018266,0.000432
27020601,0.014286,0.004525,0.030770,0.004367,0.030403,0.000000,0.030037,0.000000,0.018249,0.000274
27140603,0.013241,0.000000,0.015633,0.008850,0.017146,0.000000,0.018093,0.000000,0.018243,0.000520
27010306,0.011170,0.047619,0.014541,0.005000,0.016475,0.000000,0.017712,0.000000,0.018234,0.000610
27020602,0.011162,0.000000,0.030770,0.000000,0.016505,0.000000,0.030037,0.000000,0.018237,0.000566
27010801,0.016015,0.006897,0.017250,0.000000,0.018029,0.000000,0.018469,0.009434,0.018261,0.000566
27060903,0.012899,0.000000,0.015365,0.000000,0.016928,0.000000,0.017906,0.000000,0.018243,0.000932
27012202,0.031137,0.010870,0.013789,0.000000,0.016059,0.000000,0.017531,0.000000,0.018234,0.000533
27010802,0.012209,0.000000,0.015089,0.000000,0.016921,0.000000,0.030037,0.000000,0.018245,0.000712
27010807,0.012201,0.000000,0.015085,0.057692,0.016919,0.000000,0.017903,0.000000,0.018242,0.000481
27150205,0.031137,0.000000,0.016248,0.000000,0.017410,0.000000,0.018111,0.000000,0.018245,0.033216
27150108,0.031137,0.000000,0.015456,0.000000,0.016977,0.000000,0.017926,0.000000,0.029672,0.000447
27150201,0.012201,0.004831,0.015085,0.000000,0.016919,0.000000,0.030037,0.000000,0.029672,0.032635
27031604,0.013939,0.000000,0.016173,0.000000,0.017370,0.000000,0.018096,0.000000,0.029672,0.024860
27060203,0.013939,0.015873,0.016173,0.000000,0.017370,0.000000,0.018096,0.000000,0.018243,0.000823
27031602,0.031137,0.000000,0.030770,0.000000,0.019086,0.000000,0.018694,0.000000,0.018336,0.073139
27060201,0.014358,0.000000,0.016199,0.000000,0.017384,0.000000,0.018100,0.000000,0.029672,0.010107
27060603,0.010119,0.000000,0.013984,0.000000,0.016240,0.000000,0.017516,0.000000,0.018233,0.000682
27150306,0.011515,0.000000,0.014812,0.000000,0.016697,0.000000,0.017901,0.011765,0.018242,0.000661
27050701,0.010817,0.000000,0.014265,0.018182,0.030403,0.000000,0.017722,0.000000,0.018235,0.000447
27050705,0.010133,0.000000,0.013991,0.000000,0.016244,0.000000,0.017518,0.000000,0.018233,0.000467
27030501,0.016015,0.000000,0.017250,0.000000,0.018029,0.000000,0.018469,0.010204,0.029672,0.000582
27051002,0.019679,0.000000,0.030770,0.037037,0.030403,0.000000,0.030037,0.000000,0.029672,0.000547
27051005,0.014611,0.000000,0.016434,0.159091,0.030403,0.000000,0.030037,0.000000,0.018256,0.001346
27051004,0.018450,0.000000,0.018589,0.055046,0.018683,0.000000,0.018579,0.000000,0.018270,0.042115
27051006,0.018102,0.000000,0.018322,0.041667,0.030403,0.000000,0.030037,0.000000,0.018266,0.000675
27050805,0.016411,0.000000,0.017282,0.000000,0.018044,0.000000,0.030037,0.000000,0.029672,0.012098
27100401,0.031137,0.005988,0.017282,0.011429,0.030403,0.000000,0.030037,0.040000,0.029672,0.052902
27050803,0.011157,0.000000,0.030770,0.011029,0.016503,0.000000,0.030037,0.000000,0.029672,0.014927
27050806,0.017441,0.000000,0.030770,0.000000,0.030403,0.000000,0.030037,0.000000,0.029672,0.027163
27100405,0.015303,0.000000,0.016705,0.000000,0.017804,0.000000,0.018465,0.000000,0.018260,0.000556
27100404,0.031137,0.020408,0.016744,0.000000,0.030403,0.012579,0.030037,0.000000,0.029672,0.000389
53080401,0.028778,0.000000,0.043985,0.006135,0.027671,0.000000,0.027200,0.000000,0.026744,0.000159
53080406,0.023872,0.000000,0.025335,0.000000,0.026291,0.000000,0.027085,0.000000,0.026702,0.000298
53020314,0.028646,0.000000,0.028109,0.011111,0.043488,0.000000,0.042991,0.000000,0.042494,0.000274
53020307,0.029096,0.000000,0.043985,0.000000,0.043488,0.000000,0.042991,0.000000,0.042494,0.027754
53071301,0.022247,0.000000,0.024506,0.000000,0.025949,0.000000,0.026815,0.000000,0.026689,0.000102
53070903,0.028864,0.210526,0.028238,0.085714,0.027699,0.000000,0.027212,0.000000,0.026744,0.000234
53071303,0.028593,0.000000,0.028092,0.000000,0.027630,0.008130,0.027181,0.000000,0.026729,0.000181
53080606,0.029208,0.000000,0.028422,0.008621,0.027798,0.016807,0.027270,0.000000,0.026781,0.000215
53080603,0.028937,0.000000,0.028275,0.000000,0.027729,0.000000,0.027225,0.000000,0.026756,0.000589
53080306,0.029299,0.000000,0.028477,0.000000,0.027830,0.000000,0.027284,0.000000,0.026794,0.000128
53080601,0.029535,0.000000,0.028601,0.000000,0.027899,0.000000,0.042991,0.000000,0.026813,0.000564
53080304,0.026910,0.000000,0.026867,0.000000,0.027206,0.007042,0.027152,0.021127,0.026716,0.000195
53080802,0.029156,0.000000,0.028400,0.000000,0.027797,0.000000,0.042991,0.000000,0.026775,0.000564
53030201,0.044484,0.000000,0.043985,0.000000,0.043488,0.000000,0.042991,0.000000,0.042494,0.000181
53110311,0.020807,0.000000,0.023777,0.000000,0.025661,0.007092,0.042991,0.000000,0.042494,0.007080
53012605,0.022241,0.000000,0.024502,0.000000,0.043488,0.000000,0.042991,0.000000,0.042494,0.000226
53012606,0.020788,0.000000,0.043985,0.000000,0.025384,0.000000,0.026577,0.000000,0.026680,0.000366
53080301,0.028940,0.000000,0.028277,0.000000,0.027730,0.000000,0.027225,0.000000,0.026756,0.000298
53080805,0.028778,0.000000,0.028194,0.000000,0.027680,0.000000,0.027210,0.000000,0.026742,0.000311
53010507,0.028417,0.000000,0.027623,0.000000,0.027507,0.000000,0.027154,0.000000,0.026716,0.000232
53010503,0.028621,0.000000,0.028112,0.000000,0.027630,0.000000,0.027181,0.000000,0.026729,0.000411
53011008,0.044484,0.000000,0.043985,0.000000,0.026336,0.000000,0.027093,0.000000,0.026705,0.011532
53020301,0.028783,0.004525,0.028197,0.004367,0.043488,0.007937,0.042991,0.000000,0.026750,0.000196
53022504,0.044484,0.000000,0.043985,0.000000,0.027983,0.000000,0.042991,0.000000,0.042494,0.000308
53022505,0.022848,0.016129,0.024940,0.000000,0.043488,0.000000,0.026840,0.000000,0.026694,0.000393
53070705,0.026899,0.000000,0.026861,0.000000,0.027203,0.000000,0.027151,0.000000,0.026715,0.000132
53012706,0.028593,0.000000,0.028092,0.000000,0.027630,0.000000,0.027181,0.000000,0.042494,0.000258
53080105,0.029154,0.000000,0.028398,0.000000,0.027797,0.000000,0.027269,0.000000,0.042494,0.028523
53020303,0.028422,0.009434,0.043985,0.008130,0.027516,0.008475,0.027158,0.008475,0.042494,0.000393
53022503,0.044484,0.000000,0.021495,0.000000,0.043488,0.000000,0.042991,0.000000,0.026674,0.000187
53022405,0.023864,0.000000,0.043985,0.005263,0.043488,0.000000,0.042991,0.000000,0.026701,0.000115
53070701,0.029018,0.000000,0.028316,0.000000,0.027747,0.000000,0.042991,0.000000,0.042494,0.000209
53070709,0.044484,0.000000,0.024999,0.000000,0.026307,0.000000,0.027088,0.000000,0.026703,0.000230
53070707,0.044484,0.000000,0.028332,0.000000,0.027756,0.020833,0.027244,0.000000,0.026769,0.000219
53070702,0.028445,0.000000,0.027644,0.000000,0.043488,0.000000,0.042991,0.000000,0.026726,0.000430
53071306,0.029018,0.000000,0.028316,0.000000,0.043488,0.000000,0.027232,0.000000,0.026760,0.000151
53080803,0.029061,0.000000,0.043985,0.000000,0.027754,0.000000,0.042991,0.000000,0.026775,0.000576
53080801,0.029948,0.000000,0.028840,0.000000,0.043488,0.021429,0.042991,0.000000,0.042494,0.000184
53080807,0.044484,0.041667,0.043985,0.039216,0.043488,0.000000,0.042991,0.000000,0.026793,0.000467
53030206,0.020807,0.000000,0.023777,0.000000,0.025661,0.000000,0.026570,0.000000,0.026678,0.000136
53110501,0.044484,0.000000,0.028125,0.000000,0.043488,0.000000,0.027190,0.000000,0.026734,0.019111
53030204,0.017672,0.000000,0.043985,0.004367,0.043488,0.000000,0.026082,0.000000,0.026669,0.000195
53010506,0.025896,0.000000,0.026482,0.000000,0.026901,0.009524,0.027138,0.009346,0.026704,0.009332
53022506,0.019247,0.000000,0.022980,0.000000,0.025031,0.000000,0.042991,0.000000,0.042494,0.000228
53022501,0.044484,0.000000,0.043985,0.004808,0.043488,0.000000,0.042991,0.000000,0.042494,0.000108
53022502,0.044484,0.000000,0.021638,0.000000,0.024502,0.000000,0.026081,0.000000,0.042494,0.000171
53012707,0.028593,0.000000,0.028092,0.000000,0.027630,0.000000,0.027181,0.000000,0.026729,0.000143
53080208,0.026950,0.000000,0.026894,0.000000,0.027217,0.000000,0.027155,0.000000,0.042494,0.000251
53080901,0.028437,0.000000,0.027640,0.000000,0.027514,0.000000,0.027156,0.000000,0.042494,0.000274
53021103,0.044484,0.000000,0.043985,0.000000,0.043488,0.000000,0.042991,0.000000,0.042494,0.000277
53021101,0.044484,0.014925,0.023848,0.000000,0.043488,0.000000,0.042991,0.000000,0.042494,0.000240
53080505,0.019247,0.000000,0.022980,0.000000,0.025031,0.000000,0.026305,0.000000,0.042494,0.000217
53080509,0.021315,0.000000,0.024136,0.000000,0.025651,0.000000,0.026565,0.000000,0.026678,0.000423
53080201,0.028783,0.000000,0.043985,0.000000,0.027672,0.000000,0.042991,0.000000,0.026749,0.000268
53021901,0.019435,0.000000,0.023080,0.000000,0.025085,0.000000,0.026326,0.000000,0.026678,0.000098
53080405,0.028886,0.000000,0.028254,0.000000,0.027713,0.000000,0.027225,0.000000,0.026755,0.000263
53021902,0.022241,0.000000,0.024502,0.000000,0.025948,0.000000,0.026815,0.000000,0.026689,0.007343
53021104,0.023864,0.000000,0.025331,0.000000,0.043488,0.000000,0.027092,0.000000,0.026706,0.000217
49090404,0.028698,0.000000,0.043985,0.000000,0.043488,0.000000,0.042991,0.000000,0.042494,0.011264
49110306,0.044484,0.000000,0.043985,0.000000,0.043488,0.000000,0.042991,0.000000,0.042494,0.002059
49110301,0.044484,0.000000,0.043985,0.000000,0.026641,0.000000,0.042991,0.000000,0.026712,0.062781
49090301,0.020807,0.000000,0.023777,0.000000,0.025661,0.000000,0.026570,0.007194,0.026678,0.001819
49030903,0.028750,0.000000,0.043985,0.000000,0.027670,0.036232,0.027199,0.034483,0.042494,0.013395
49110105,0.044484,0.028571,0.043985,0.000000,0.043488,0.000000,0.026369,0.000000,0.042494,0.004524
49052103,0.044484,0.000000,0.028441,0.022901,0.027809,0.022901,0.027275,0.022901,0.026784,0.033760
49052106,0.044484,0.017241,0.043985,0.017241,0.027785,0.022222,0.027265,0.022222,0.026774,0.017683
49021907,0.022241,0.010417,0.024502,0.000000,0.025948,0.000000,0.042991,0.000000,0.042494,0.002257
49051601,0.044484,0.000000,0.043985,0.000000,0.043488,0.000000,0.042991,0.000000,0.042494,0.040792
49051902,0.044484,0.042735,0.043985,0.017094,0.043488,0.017094,0.042991,0.081818,0.026715,0.019633
49051604,0.044484,0.000000,0.043985,0.020979,0.043488,0.024390,0.042991,0.027586,0.042494,0.701181
49021902,0.029043,0.000000,0.043985,0.006667,0.043488,0.000000,0.027237,0.000000,0.026761,0.081352
49051605,0.029228,0.086614,0.043985,0.007692,0.043488,0.020270,0.042991,0.000000,0.042494,0.025538
49070601,0.023864,0.000000,0.025331,0.000000,0.026289,0.000000,0.027085,0.000000,0.026702,0.002194
49052003,0.044484,0.023810,0.028329,0.173913,0.043488,0.181818,0.042991,0.156863,0.042494,0.140032
49052006,0.044484,0.016667,0.043985,0.016949,0.043488,0.050847,0.042991,0.066667,0.042494,0.065342
49052010,0.044484,0.047170,0.043985,0.144144,0.043488,0.161616,0.042991,0.175926,0.042494,0.170513
49052001,0.044484,0.085366,0.043985,0.034091,0.043488,0.033708,0.042991,0.043011,0.042494,0.054072
49052009,0.044484,0.052239,0.028494,0.142857,0.043488,0.169014,0.042991,0.176056,0.042494,0.170729
49051301,0.044484,0.027027,0.043985,0.101266,0.028245,0.038961,0.042991,0.049020,0.026919,0.074589
49051505,0.028783,0.020134,0.028197,0.020134,0.027681,0.037037,0.027210,0.027491,0.026743,0.071693
49022103,0.029275,0.012346,0.043985,0.000000,0.027812,0.000000,0.027277,0.000000,0.026785,0.002096
49022104,0.028561,0.000000,0.043985,0.000000,0.027516,0.000000,0.042991,0.000000,0.026724,0.100874
49022106,0.028730,0.000000,0.028156,0.007634,0.027664,0.000000,0.027196,0.000000,0.026741,0.066528
49021204,0.044484,0.027523,0.027639,0.008130,0.027513,0.009434,0.027157,0.000000,0.042494,0.009890
49070203,0.027910,0.000000,0.027616,0.000000,0.027504,0.000000,0.027152,0.000000,0.026716,0.002396
49051506,0.028988,0.023810,0.028315,0.023256,0.043488,0.025641,0.042991,0.075949,0.026764,0.047662
49021211,0.028417,0.035088,0.043985,0.016949,0.043488,0.016393,0.042991,0.031746,0.042494,0.017683
49021212,0.028802,0.008547,0.028207,0.000000,0.027687,0.000000,0.042991,0.000000,0.042494,0.017347
49051507,0.025387,0.000000,0.026098,0.000000,0.043488,0.031496,0.042991,0.041322,0.026712,0.016824
49021206,0.044484,0.081633,0.028409,0.009524,0.027802,0.008475,0.027271,0.008475,0.042494,0.028420
49021201,0.044484,0.163043,0.043985,0.081522,0.043488,0.080808,0.027210,0.028986,0.042494,0.475718
49051203,0.044484,0.000000,0.028660,0.000000,0.027941,0.000000,0.027346,0.012821,0.026823,0.015467
49051707,0.029668,0.000000,0.028683,0.000000,0.043488,0.000000,0.042991,0.000000,0.042494,0.025292
49060706,0.023358,0.009132,0.024949,0.034483,0.043488,0.019608,0.042991,0.030303,0.042494,0.049165
49060102,0.019247,0.034483,0.022980,0.000000,0.025031,0.039062,0.026305,0.010989,0.026676,0.018774
49010506,0.025399,0.000000,0.026105,0.013333,0.043488,0.021429,0.042991,0.021277,0.042494,0.023993
 7070405,0.017142,0.012097,0.021768,0.003817,0.024380,0.000000,0.042991,0.000000,0.026669,0.000591
 7070410,0.016088,0.004219,0.021351,0.018349,0.024362,0.003012,0.026025,0.045181,0.026663,0.050676
 7070412,0.017672,0.019048,0.022171,0.012739,0.024700,0.007519,0.026296,0.000000,0.026676,0.001266
 7070408,0.024383,0.014815,0.025718,0.000000,0.043488,0.009174,0.027093,0.101695,0.026706,0.001744
 7060812,0.027452,0.000000,0.043985,0.011628,0.043488,0.000000,0.027165,0.000000,0.042494,0.001609
 7090403,0.044484,0.023438,0.028382,0.038462,0.043488,0.033333,0.027254,0.041237,0.026774,0.001005
27130410,0.016620,0.000000,0.043985,0.000000,0.024431,0.000000,0.026052,0.000000,0.026665,0.000380
27130407,0.028833,0.007092,0.043985,0.014085,0.027688,0.020408,0.027214,0.000000,0.026745,0.000410
27071501,0.044484,0.000000,0.043985,0.009852,0.043488,0.000000,0.026351,0.000000,0.026683,0.000262
27071507,0.044484,0.007299,0.020312,0.000000,0.023794,0.000000,0.042991,0.000000,0.042494,0.000387
27071202,0.026899,0.000000,0.026861,0.000000,0.043488,0.000000,0.042991,0.000000,0.042494,0.039182
27070807,0.019763,0.047945,0.022991,0.000000,0.025037,0.000000,0.026307,0.000000,0.026677,0.000426
27011704,0.024383,0.000000,0.025718,0.000000,0.026595,0.000000,0.027086,0.000000,0.042494,0.000418
27070405,0.016620,0.014493,0.021370,0.000000,0.043488,0.000000,0.026052,0.000000,0.026667,0.000834
27071603,0.014813,0.000000,0.020319,0.000000,0.043488,0.000000,0.025814,0.000000,0.026666,0.000945
27080206,0.019230,0.000000,0.022971,0.000000,0.025027,0.000000,0.042991,0.000000,0.042494,0.000533
27071005,0.016078,0.000000,0.043985,0.000000,0.024112,0.027273,0.025789,0.028037,0.026665,0.028306
27070504,0.044484,0.007143,0.021495,0.000000,0.024433,0.000000,0.042991,0.000000,0.042494,0.000447
27071004,0.029166,0.000000,0.028396,0.000000,0.043488,0.015504,0.042991,0.014925,0.042494,0.015147
27020410,0.018193,0.000000,0.043985,0.000000,0.043488,0.000000,0.042991,0.000000,0.042494,0.475872
27140501,0.022848,0.013889,0.024940,0.028571,0.043488,0.040000,0.026840,0.025641,0.042494,0.000729
27140704,0.028419,0.024096,0.027623,0.000000,0.027507,0.000000,0.027154,0.000000,0.026716,0.000737
27140302,0.044484,0.000000,0.028423,0.000000,0.027810,0.000000,0.027275,0.000000,0.026784,0.000359
27140406,0.019763,0.000000,0.022991,0.000000,0.043488,0.000000,0.026326,0.000000,0.026680,0.000856
27150104,0.018712,0.000000,0.022576,0.000000,0.025019,0.000000,0.026301,0.000000,0.042494,0.000823
27050205,0.015037,0.000000,0.020552,0.016129,0.023723,0.000000,0.025755,0.000000,0.026662,0.073332
27150103,0.017682,0.000000,0.022176,0.000000,0.024703,0.000000,0.026297,0.000000,0.042494,0.000387
27010805,0.044484,0.000000,0.023548,0.000000,0.025425,0.000000,0.042991,0.000000,0.026686,0.000856
27050201,0.044484,0.000000,0.024232,0.018405,0.025701,0.010526,0.026584,0.010204,0.026680,0.034586
27150106,0.044484,0.000000,0.021089,0.000000,0.024113,0.000000,0.025790,0.000000,0.026664,0.000792
27150101,0.020794,0.000000,0.023770,0.000000,0.025658,0.000000,0.026569,0.000000,0.042494,0.000533
27050206,0.019763,0.000000,0.022991,0.007812,0.025037,0.006944,0.026307,0.000000,0.026677,0.020392
27060705,0.026404,0.000000,0.026860,0.000000,0.027203,0.000000,0.027151,0.000000,0.026715,0.000542
27051803,0.023968,0.000000,0.043985,0.000000,0.026340,0.000000,0.027093,0.000000,0.026705,0.000746
27050301,0.044484,0.000000,0.023163,0.000000,0.043488,0.050505,0.042991,0.000000,0.026688,0.000520
27051106,0.020272,0.000000,0.043985,0.000000,0.043488,0.000000,0.026594,0.000000,0.026683,0.089365
27060405,0.023861,0.000000,0.025329,0.000000,0.026288,0.000000,0.042991,0.000000,0.026707,0.012192
27051103,0.028417,0.000000,0.043985,0.000000,0.043488,0.000000,0.027163,0.000000,0.042494,0.033262
27150403,0.013967,0.000000,0.043985,0.013889,0.023773,0.000000,0.025775,0.021739,0.026664,0.027788
27051105,0.044484,0.000000,0.043985,0.000000,0.043488,0.009434,0.042991,0.000000,0.042494,0.000552
27060409,0.028561,0.000000,0.027997,0.050360,0.043488,0.000000,0.027160,0.000000,0.026720,0.006001
27060411,0.019247,0.012195,0.022980,0.000000,0.043488,0.030612,0.026325,0.000000,0.042494,0.009311
27060407,0.025387,0.000000,0.026098,0.012987,0.043488,0.012739,0.027093,0.000000,0.026706,0.000361
27051903,0.025387,0.000000,0.026098,0.000000,0.026897,0.000000,0.027137,0.000000,0.026704,0.000529
27050504,0.016620,0.000000,0.021370,0.000000,0.024371,0.000000,0.042991,0.000000,0.042494,0.000484
27051101,0.044484,0.000000,0.043985,0.034783,0.043488,0.026087,0.027182,0.014706,0.026735,0.072279
27051104,0.019763,0.000000,0.043985,0.000000,0.043488,0.008000,0.042991,0.008000,0.042494,0.008359
27060404,0.029433,0.000000,0.028559,0.000000,0.043488,0.000000,0.042991,0.000000,0.026803,0.000467
27060403,0.029508,0.000000,0.043985,0.000000,0.043488,0.018868,0.027311,0.000000,0.026801,0.008701
27051001,0.028700,0.000000,0.028151,0.206522,0.043488,0.000000,0.042991,0.000000,0.042494,0.000647
27050903,0.044484,0.000000,0.043985,0.000000,0.043488,0.000000,0.042991,0.000000,0.042494,0.000582
27050503,0.022310,0.000000,0.024540,0.000000,0.025968,0.000000,0.042991,0.000000,0.042494,0.000481
27050904,0.023358,0.000000,0.043985,0.000000,0.026310,0.013274,0.027090,0.013274,0.026704,0.000273
27040309,0.019230,0.000000,0.022971,0.019231,0.025027,0.019231,0.026303,0.011429,0.026676,0.000345
27050801,0.020272,0.000000,0.043985,0.007519,0.025379,0.000000,0.042991,0.000000,0.042494,0.054398
27050908,0.020272,0.000000,0.023376,0.000000,0.025339,0.000000,0.026562,0.000000,0.026677,0.000273
27050802,0.044484,0.000000,0.021105,0.000000,0.024121,0.000000,0.025793,0.000000,0.026664,0.056858
27120407,0.044484,0.012579,0.028456,0.000000,0.043488,0.000000,0.042991,0.000000,0.042494,0.000371
27120409,0.028750,0.005236,0.028172,0.009132,0.043488,0.000000,0.027201,0.000000,0.026745,0.000281
27100309,0.019247,0.000000,0.022980,0.000000,0.025031,0.009259,0.026305,0.004444,0.026676,0.004681
27120401,0.029639,0.000000,0.028659,0.000000,0.027944,0.000000,0.042991,0.000000,0.042494,0.000500
27120404,0.027415,0.000000,0.027246,0.008197,0.027505,0.000000,0.042991,0.000000,0.026721,0.000647
27100207,0.017663,0.000000,0.022166,0.000000,0.024698,0.023529,0.042991,0.000000,0.042494,0.022488
27120506,0.021828,0.012195,0.024170,0.005952,0.025668,0.000000,0.026572,0.000000,0.026678,0.555193
27120508,0.020788,0.000000,0.023767,0.000000,0.025656,0.000000,0.026569,0.000000,0.026678,0.745452
