  village_id,model_ent_1988,data_ent_1988,model_ent_1990,data_ent_1990,model_ent_1992,data_ent_1992,model_ent_1994,data_ent_1994,model_ent_1996,data_ent_1996
 7010311,0.013223,0.000000,0.019783,0.023256,0.023605,0.021277,0.025796,0.020408,0.027032,0.022742
 7010607,0.013223,0.044444,0.019783,0.050000,0.023605,0.020408,0.025796,0.014184,0.027032,0.001160
 7010701,0.013769,0.055556,0.020200,0.000000,0.023935,0.107143,0.026071,0.060976,0.027076,0.067727
 7010810,0.013769,0.000000,0.020200,0.000000,0.023935,0.000000,0.026071,0.000000,0.027076,0.003062
 7010813,0.013780,0.184783,0.020206,0.178947,0.023937,0.097561,0.026072,0.000000,0.027076,0.156915
 7010905,0.013780,0.027027,0.020206,0.011494,0.023937,0.000000,0.026072,0.000000,0.027076,0.001744
 7010913,0.013780,0.000000,0.020206,0.027397,0.023937,0.000000,0.026072,0.000000,0.027076,0.060579
 7011001,0.013780,0.000000,0.020206,0.037500,0.023937,0.022989,0.026072,0.000000,0.027076,0.026327
 7011002,0.014305,0.000000,0.020222,0.031496,0.023946,0.000000,0.026075,0.000000,0.027077,0.058570
 7011003,0.014305,0.000000,0.020222,0.041237,0.023946,0.000000,0.026075,0.000000,0.027077,0.025702
 7011008,0.014305,0.000000,0.020222,0.000000,0.023946,0.040541,0.026075,0.000000,0.027077,0.001691
 7011009,0.014820,0.000000,0.020616,0.000000,0.023951,0.000000,0.026077,0.000000,0.027077,0.018429
 7011010,0.014820,0.000000,0.020616,0.000000,0.023951,0.000000,0.026077,0.000000,0.027077,0.027323
 7011011,0.014820,0.043478,0.020616,0.027027,0.023951,0.000000,0.026077,0.000000,0.027077,0.028710
 7011201,0.014820,0.042254,0.020616,0.000000,0.023951,0.054054,0.026077,0.000000,0.027077,0.059280
 7011202,0.014820,0.031250,0.020616,0.000000,0.023951,0.073529,0.026077,0.000000,0.027077,0.081641
 7011203,0.014820,0.033898,0.020616,0.116667,0.023951,0.032787,0.026077,0.000000,0.027077,0.261628
 7011208,0.015334,0.000000,0.021014,0.000000,0.024272,0.014925,0.026081,0.014493,0.027077,0.015288
 7011212,0.015334,0.080000,0.021014,0.123457,0.024272,0.045872,0.026081,0.040984,0.027077,0.040911
 7011301,0.015334,0.026667,0.021014,0.029412,0.024272,0.000000,0.026081,0.000000,0.027077,0.001972
 7011307,0.015354,0.000000,0.021025,0.000000,0.024278,0.000000,0.026084,0.000000,0.027077,0.003931
 7011403,0.015354,0.000000,0.021025,0.055556,0.024278,0.095238,0.026084,0.000000,0.027077,0.004994
 7011407,0.015354,0.000000,0.021025,0.000000,0.024278,0.028436,0.026084,0.000000,0.027077,0.001295
 7011409,0.015364,0.026667,0.021030,0.041667,0.024281,0.063492,0.026085,0.070175,0.027077,0.791150
 7011505,0.015364,0.000000,0.021030,0.000000,0.024281,0.033333,0.026085,0.000000,0.027077,0.133192
 7011601,0.015364,0.075758,0.021030,0.000000,0.024281,0.075758,0.026085,0.000000,0.027077,0.072478
 7011602,0.015364,0.072289,0.021030,0.033333,0.024281,0.019417,0.026085,0.000000,0.027077,0.111331
 7011702,0.015364,0.033333,0.021030,0.028571,0.024281,0.000000,0.026085,0.026316,0.027077,0.023665
 7011708,0.015364,0.066667,0.021030,0.086420,0.024281,0.076923,0.026085,0.089744,0.027077,0.074942
 7011710,0.015364,0.000000,0.021030,0.000000,0.024281,0.000000,0.026085,0.000000,0.027077,0.005148
 7011805,0.015364,0.000000,0.021030,0.023256,0.024281,0.027523,0.026085,0.107143,0.027077,0.023665
 7011907,0.015887,0.032258,0.021432,0.030303,0.024603,0.023256,0.026354,0.000000,0.027078,0.467259
 7020901,0.015887,0.145299,0.021432,0.100840,0.024603,0.081081,0.026354,0.072727,0.027078,0.072731
 7020902,0.015887,0.024096,0.021432,0.012195,0.024603,0.000000,0.026354,0.000000,0.027078,0.001861
 7020903,0.015887,0.000000,0.021432,0.000000,0.024603,0.000000,0.026354,0.063492,0.027078,0.066895
 7021106,0.015887,0.000000,0.021432,0.000000,0.024603,0.016129,0.026354,0.067797,0.027078,0.019031
 7040506,0.015887,0.113208,0.021432,0.037288,0.024603,0.091667,0.026354,0.091667,0.027078,0.777340
 7040509,0.016402,0.060606,0.021442,0.000000,0.024608,0.000000,0.026355,0.000000,0.027078,0.013837
 7040511,0.016402,0.027027,0.021442,0.000000,0.024608,0.000000,0.026355,0.000000,0.027078,0.059877
 7040601,0.016402,0.014493,0.021442,0.007143,0.024608,0.000000,0.026355,0.000000,0.027078,0.901915
 7040606,0.016402,0.065574,0.021442,0.016393,0.024608,0.016129,0.026355,0.000000,0.027078,0.828087
 7040608,0.016402,0.000000,0.021442,0.000000,0.024608,0.000000,0.026355,0.000000,0.027078,0.774971
 7040702,0.016924,0.019608,0.021838,0.045752,0.024613,0.031056,0.026357,0.000000,0.027078,0.043678
 7040801,0.016924,0.000000,0.021838,0.041667,0.024613,0.000000,0.026357,0.000000,0.027078,0.003442
 7040803,0.016924,0.000000,0.021838,0.000000,0.024613,0.013699,0.026357,0.000000,0.027078,0.030390
 7040804,0.016924,0.019608,0.021838,0.020408,0.024613,0.000000,0.026357,0.000000,0.027078,0.003062
 7040806,0.016924,0.028571,0.021838,0.016393,0.024613,0.033333,0.026357,0.000000,0.027078,0.030390
 7040903,0.016924,0.000000,0.021838,0.000000,0.024613,0.018182,0.026357,0.000000,0.027078,0.019031
 7050303,0.016924,0.020619,0.021838,0.052083,0.024613,0.000000,0.026357,0.028302,0.027078,0.001535
 7050501,0.016924,0.210526,0.021838,0.072464,0.024613,0.000000,0.026357,0.112782,0.027078,0.063826
 7050601,0.016924,0.031250,0.021838,0.000000,0.024613,0.008000,0.026357,0.000000,0.027078,0.071455
 7050602,0.016932,0.000000,0.021843,0.000000,0.024616,0.049180,0.026358,0.000000,0.027078,0.062622
 7050603,0.016932,0.000000,0.021843,0.021505,0.024616,0.020833,0.026358,0.000000,0.027078,0.033523
 7050604,0.016932,0.000000,0.021843,0.020408,0.024616,0.025641,0.026358,0.000000,0.027078,0.052476
 7050703,0.016932,0.135135,0.021843,0.012500,0.024616,0.000000,0.026358,0.000000,0.027078,0.061923
 7050704,0.016932,0.066667,0.021843,0.037736,0.024616,0.000000,0.026358,0.000000,0.027078,0.003442
 7050801,0.016932,0.102804,0.021843,0.168224,0.024616,0.000000,0.026358,0.000000,0.027078,0.001995
 7050804,0.016932,0.054688,0.021843,0.000000,0.024616,0.000000,0.026358,0.068966,0.027078,0.026769
 7050805,0.016932,0.026667,0.021843,0.000000,0.024616,0.000000,0.026358,0.000000,0.027078,0.133292
 7051003,0.016932,0.000000,0.021843,0.000000,0.024616,0.000000,0.026358,0.000000,0.027078,0.001726
 7051101,0.016932,0.000000,0.021843,0.021739,0.024616,0.000000,0.026358,0.000000,0.027078,0.024666
 7051102,0.016932,0.000000,0.021843,0.111111,0.024616,0.000000,0.026358,0.054054,0.027078,0.041508
 7051103,0.016932,0.000000,0.021843,0.000000,0.024616,0.000000,0.026358,0.061224,0.027078,0.021601
 7051104,0.016932,0.253731,0.021843,0.488372,0.024616,0.000000,0.026358,0.000000,0.027078,0.045816
 7051202,0.016932,0.000000,0.021843,0.015873,0.024616,0.028571,0.026358,0.015873,0.027078,0.015700
 7051203,0.016942,0.018519,0.021849,0.033898,0.024619,0.031250,0.026359,0.000000,0.027079,0.002365
 7051204,0.016942,0.000000,0.021849,0.000000,0.024619,0.000000,0.026359,0.000000,0.027079,0.004231
 7051205,0.016942,0.000000,0.021849,0.076923,0.024619,0.074074,0.026359,0.074074,0.027079,0.037283
 7051301,0.016942,0.011236,0.021849,0.000000,0.024619,0.000000,0.026359,0.000000,0.027079,0.029791
 7051302,0.016942,0.013986,0.021849,0.016529,0.024619,0.000000,0.026359,0.000000,0.027079,0.053276
 7051303,0.016942,0.006024,0.021849,0.000000,0.024619,0.036810,0.026359,0.000000,0.027079,0.000959
 7051304,0.017463,0.000000,0.022247,0.000000,0.024938,0.000000,0.026626,0.000000,0.027091,0.001429
 7051402,0.017463,0.000000,0.022247,0.000000,0.024938,0.050725,0.026626,0.044586,0.027091,0.044159
 7051403,0.017463,0.095652,0.022247,0.034722,0.024938,0.024845,0.026626,0.000000,0.027091,0.024324
 7051502,0.017463,0.000000,0.022247,0.006897,0.024938,0.000000,0.026626,0.000000,0.027091,0.013950
 7051504,0.017463,0.069767,0.022247,0.000000,0.024938,0.000000,0.026626,0.000000,0.027091,0.010386
 7051601,0.017463,0.010753,0.022247,0.040816,0.024938,0.000000,0.026626,0.000000,0.027091,0.011629
 7051602,0.017463,0.027027,0.022247,0.064935,0.024938,0.012500,0.026626,0.011905,0.027091,0.013675
 7051603,0.017463,0.048077,0.022247,0.064516,0.024938,0.067308,0.026626,0.066038,0.027091,0.060079
 7051604,0.017463,0.023256,0.022247,0.000000,0.024938,0.000000,0.026626,0.000000,0.027091,0.004026
 7051701,0.017982,0.000000,0.022261,0.022556,0.024945,0.022222,0.026628,0.022222,0.027091,0.057202
 7051704,0.017982,0.016529,0.022261,0.067961,0.024945,0.037037,0.026628,0.037736,0.027091,0.074727
 7060102,0.017982,0.000000,0.022261,0.000000,0.024945,0.000000,0.026628,0.000000,0.027091,0.001861
 7060203,0.017982,0.000000,0.022261,0.000000,0.024945,0.000000,0.026628,0.000000,0.027091,0.001113
 7060204,0.017982,0.000000,0.022261,0.080460,0.024945,0.017699,0.026628,0.008929,0.027091,0.010205
 7060205,0.017982,0.006250,0.022261,0.006098,0.024945,0.013245,0.026628,0.006803,0.027091,0.007812
 7060206,0.018494,0.040323,0.022653,0.030769,0.025260,0.026316,0.026631,0.008772,0.027091,0.010029
 7060207,0.018494,0.000000,0.022653,0.000000,0.025260,0.025641,0.026631,0.020305,0.027091,0.021012
 7060208,0.018494,0.012500,0.022653,0.000000,0.025260,0.082474,0.026631,0.004566,0.027091,0.007869
 7060209,0.018494,0.012821,0.022653,0.013699,0.025260,0.000000,0.026631,0.006897,0.027091,0.007812
 7060210,0.018494,0.009259,0.022653,0.000000,0.025260,0.017241,0.026631,0.018182,0.027091,0.020192
 7060211,0.018494,0.019231,0.022653,0.000000,0.025260,0.000000,0.026631,0.000000,0.027091,0.002470
 7060212,0.018494,0.000000,0.022653,0.000000,0.025260,0.000000,0.026631,0.013333,0.027091,0.015090
 7060213,0.018494,0.000000,0.022653,0.000000,0.025260,0.000000,0.026631,0.000000,0.027091,0.097490
 7060302,0.018494,0.085859,0.022653,0.076190,0.025260,0.026906,0.026631,0.031746,0.027091,0.070358
 7060303,0.018494,0.007634,0.022653,0.068182,0.025260,0.054264,0.026631,0.062016,0.027091,0.100315
 7060304,0.018494,0.108553,0.022653,0.084337,0.025260,0.077419,0.026631,0.102041,0.027091,0.100552
 7060305,0.018510,0.033333,0.022662,0.032609,0.025265,0.032967,0.026633,0.027778,0.027091,0.041508
 7060412,0.018510,0.049383,0.022662,0.040000,0.025265,0.072917,0.026633,0.072917,0.027091,0.091973
 7060601,0.018510,0.000000,0.022662,0.129032,0.025265,0.000000,0.026633,0.000000,0.027091,0.001454
 7060604,0.018510,0.204918,0.022662,0.000000,0.025265,0.038462,0.026633,0.035971,0.027091,0.034607
 7060605,0.018510,0.057471,0.022662,0.053763,0.025265,0.058824,0.026633,0.051020,0.027091,0.021601
 7060606,0.018510,0.050955,0.022662,0.078788,0.025265,0.030303,0.026633,0.000000,0.027091,0.019632
 7060607,0.018510,0.075269,0.022662,0.096774,0.025265,0.000000,0.026633,0.000000,0.027091,0.001370
 7060608,0.018510,0.102564,0.022662,0.011364,0.025265,0.012500,0.026633,0.000000,0.027091,0.012369
 7060609,0.018510,0.080808,0.022662,0.040650,0.025265,0.028302,0.026633,0.000000,0.027091,0.022735
 7060803,0.018510,0.000000,0.022662,0.000000,0.025265,0.000000,0.026633,0.000000,0.027091,0.001882
 7060805,0.018510,0.000000,0.022662,0.000000,0.025265,0.000000,0.026633,0.000000,0.027091,0.001763
 7060806,0.018510,0.000000,0.022662,0.000000,0.025265,0.000000,0.026633,0.000000,0.027091,0.001247
 7060808,0.018510,0.000000,0.022662,0.000000,0.025265,0.000000,0.026633,0.000000,0.027091,0.001578
 7060809,0.018511,0.000000,0.022663,0.000000,0.025265,0.000000,0.026633,0.000000,0.027091,0.001266
 7060810,0.018511,0.019417,0.022663,0.000000,0.025265,0.015748,0.026633,0.030534,0.027091,0.019511
 7060811,0.018511,0.000000,0.022663,0.007407,0.025265,0.000000,0.026633,0.000000,0.027091,0.001077
 7060812,0.018511,0.000000,0.022663,0.011628,0.025265,0.000000,0.026633,0.000000,0.027091,0.001609
 7060813,0.018511,0.027397,0.022663,0.000000,0.025265,0.032258,0.026633,0.031746,0.027091,0.027323
 7070103,0.018511,0.010000,0.022663,0.000000,0.025265,0.000000,0.026633,0.000000,0.027091,0.639898
 7070109,0.018511,0.000000,0.022663,0.082192,0.025265,0.000000,0.026633,0.000000,0.027091,0.001256
 7070405,0.018511,0.012097,0.022663,0.003817,0.025265,0.000000,0.026633,0.000000,0.027091,0.000591
 7070408,0.018511,0.014815,0.022663,0.000000,0.025265,0.009174,0.026633,0.101695,0.027091,0.001744
 7070410,0.018511,0.004219,0.022663,0.018349,0.025265,0.003012,0.026633,0.045181,0.027091,0.050676
 7070412,0.019028,0.019048,0.023055,0.012739,0.025269,0.007519,0.026635,0.000000,0.027092,0.001266
 7070502,0.019028,0.000000,0.023055,0.007407,0.025269,0.000000,0.026635,0.000000,0.027092,0.025993
 7070505,0.019028,0.000000,0.023055,0.005747,0.025269,0.017647,0.026635,0.000000,0.027092,0.482117
 7070506,0.019028,0.000000,0.023055,0.000000,0.025269,0.000000,0.026635,0.000000,0.027092,0.022079
 7070507,0.019028,0.000000,0.023055,0.000000,0.025269,0.000000,0.026635,0.013245,0.027092,0.001070
 7070508,0.019028,0.000000,0.023055,0.000000,0.025269,0.005988,0.026635,0.017751,0.027092,0.022897
 7090103,0.019028,0.014184,0.023055,0.025510,0.025269,0.026455,0.026635,0.000000,0.027092,0.021498
 7090106,0.019028,0.029851,0.023055,0.025974,0.025269,0.000000,0.026635,0.000000,0.027092,0.001926
 7090306,0.019545,0.000000,0.023066,0.000000,0.025276,0.000000,0.026637,0.000000,0.027092,0.175779
 7090403,0.019545,0.023438,0.023066,0.038462,0.025276,0.033333,0.026637,0.041237,0.027092,0.001005
27010303,0.019545,0.006061,0.023066,0.010929,0.025276,0.000000,0.026637,0.026042,0.027092,0.025163
27010306,0.019545,0.047619,0.023066,0.005000,0.025276,0.000000,0.026637,0.000000,0.027092,0.000610
27010309,0.019545,0.041176,0.023066,0.023438,0.025276,0.000000,0.026637,0.025157,0.027092,0.023309
27010401,0.019545,0.028571,0.023066,0.033333,0.025276,0.000000,0.026637,0.000000,0.027092,0.044483
27010402,0.019545,0.012500,0.023066,0.034146,0.025276,0.010152,0.026637,0.000000,0.027092,0.012054
27010404,0.019545,0.000000,0.023066,0.000000,0.025276,0.008696,0.026637,0.000000,0.027092,0.000457
27010405,0.019545,0.000000,0.023066,0.014286,0.025276,0.000000,0.026637,0.000000,0.027092,0.001707
27010406,0.019545,0.000000,0.023066,0.000000,0.025276,0.000000,0.026637,0.000000,0.027092,0.000668
27010407,0.019545,0.021739,0.023066,0.054348,0.025276,0.000000,0.026637,0.000000,0.027092,0.000556
27010408,0.019545,0.000000,0.023066,0.000000,0.025276,0.000000,0.026637,0.000000,0.027092,0.015144
27010410,0.019545,0.089744,0.023066,0.022727,0.025276,0.000000,0.026637,0.000000,0.027092,0.004786
27010411,0.019545,0.030534,0.023066,0.046154,0.025276,0.000000,0.026637,0.000000,0.027092,0.001130
27010415,0.019545,0.000000,0.023066,0.000000,0.025276,0.000000,0.026637,0.000000,0.027092,0.001804
27010416,0.019545,0.000000,0.023066,0.000000,0.025276,0.000000,0.026637,0.000000,0.027092,0.001804
27010502,0.019545,0.000000,0.023066,0.000000,0.025276,0.000000,0.026637,0.000000,0.027092,0.000404
27010701,0.020060,0.000000,0.023460,0.000000,0.025587,0.000000,0.026898,0.000000,0.027092,0.000566
27010702,0.020060,0.008734,0.023460,0.000000,0.025587,0.000000,0.026898,0.000000,0.027092,0.001707
27010703,0.020060,0.000000,0.023460,0.000000,0.025587,0.009346,0.026898,0.000000,0.027092,0.000533
27010704,0.020060,0.000000,0.023460,0.013699,0.025587,0.000000,0.026898,0.000000,0.027092,0.000729
27010705,0.020060,0.000000,0.023460,0.000000,0.025587,0.000000,0.026898,0.000000,0.027092,0.000582
27010707,0.020060,0.000000,0.023460,0.000000,0.025587,0.019608,0.026898,0.010101,0.027092,0.010107
27010708,0.020060,0.000000,0.023460,0.000000,0.025587,0.018405,0.026898,0.018182,0.027092,0.000353
27010801,0.020069,0.006897,0.023464,0.000000,0.025590,0.000000,0.026898,0.009434,0.027092,0.000566
27010802,0.020069,0.000000,0.023464,0.000000,0.025590,0.000000,0.026898,0.000000,0.027092,0.000712
27010805,0.020069,0.000000,0.023464,0.000000,0.025590,0.000000,0.026898,0.000000,0.027092,0.000856
27010807,0.020069,0.000000,0.023464,0.057692,0.025590,0.000000,0.026898,0.000000,0.027092,0.000481
27011101,0.020069,0.000000,0.023464,0.000000,0.025590,0.000000,0.026898,0.074766,0.027092,0.080449
27011110,0.020069,0.000000,0.023464,0.000000,0.025590,0.000000,0.026898,0.081081,0.027092,0.075575
27011114,0.020069,0.000000,0.023464,0.000000,0.025590,0.000000,0.026898,0.000000,0.027092,0.000538
27011115,0.020069,0.000000,0.023464,0.000000,0.025590,0.021053,0.026898,0.021053,0.027092,0.018387
27011210,0.020069,0.011628,0.023464,0.000000,0.025590,0.000000,0.026898,0.000000,0.027092,0.011787
27011301,0.020069,0.023810,0.023464,0.035714,0.025590,0.000000,0.026898,0.022222,0.027092,0.000675
27011401,0.020069,0.080537,0.023464,0.033333,0.025590,0.057803,0.026898,0.000000,0.027092,0.046905
27011402,0.020069,0.000000,0.023464,0.000000,0.025590,0.000000,0.026898,0.000000,0.027092,0.000488
27011403,0.020076,0.000000,0.023469,0.052632,0.025592,0.050000,0.026899,0.000000,0.027092,0.054027
27011404,0.020076,0.000000,0.023469,0.034884,0.025592,0.034783,0.026899,0.000000,0.027092,0.032448
27011411,0.020076,0.000000,0.023469,0.000000,0.025592,0.000000,0.026899,0.000000,0.027092,0.001055
27011417,0.020076,0.000000,0.023469,0.076923,0.025592,0.000000,0.026899,0.000000,0.027092,0.001857
27011503,0.020076,0.000000,0.023469,0.012048,0.025592,0.000000,0.026899,0.000000,0.027092,0.001217
27011504,0.020076,0.000000,0.023469,0.039370,0.025592,0.000000,0.026899,0.000000,0.027092,0.000435
27011508,0.020583,0.000000,0.023856,0.000000,0.025905,0.000000,0.026903,0.000000,0.027093,0.001405
27011603,0.020583,0.000000,0.023856,0.015385,0.025905,0.000000,0.026903,0.058140,0.027093,0.000689
27011604,0.020583,0.008130,0.023856,0.010989,0.025905,0.000000,0.026903,0.034783,0.027093,0.000500
27011605,0.020583,0.012121,0.023856,0.000000,0.025905,0.000000,0.026903,0.000000,0.027093,0.000746
27011606,0.020583,0.049180,0.023856,0.000000,0.025905,0.015873,0.026903,0.044776,0.027093,0.000918
27011608,0.020583,0.000000,0.023856,0.000000,0.025905,0.000000,0.026903,0.000000,0.027093,0.001318
27011701,0.020583,0.025862,0.023856,0.023810,0.025905,0.020548,0.026903,0.000000,0.027093,0.000423
27011704,0.020583,0.000000,0.023856,0.000000,0.025905,0.000000,0.026903,0.000000,0.027093,0.000418
27011708,0.020583,0.000000,0.023856,0.000000,0.025905,0.000000,0.026903,0.000000,0.027093,0.001620
27011801,0.020583,0.012048,0.023856,0.000000,0.025905,0.000000,0.026903,0.000000,0.027093,0.000369
27011803,0.020583,0.000000,0.023856,0.000000,0.025905,0.000000,0.026903,0.000000,0.027093,0.000470
27011804,0.020583,0.036364,0.023856,0.000000,0.025905,0.000000,0.026903,0.000000,0.027093,0.000974
27011901,0.020583,0.000000,0.023856,0.000000,0.025905,0.025424,0.026903,0.028037,0.027093,0.000481
27011906,0.021097,0.007812,0.024244,0.015152,0.025908,0.000000,0.026904,0.012500,0.027093,0.024211
27011909,0.021097,0.000000,0.024244,0.000000,0.025908,0.000000,0.026904,0.000000,0.027093,0.000682
27012002,0.021097,0.189474,0.024244,0.150000,0.025908,0.000000,0.026904,0.000000,0.027093,0.256178
27012003,0.021097,0.000000,0.024244,0.000000,0.025908,0.000000,0.026904,0.000000,0.027093,0.000205
27012004,0.021097,0.095238,0.024244,0.075000,0.025908,0.000000,0.026904,0.000000,0.027093,0.023859
27012008,0.021097,0.000000,0.024244,0.000000,0.025908,0.000000,0.026904,0.000000,0.027093,0.000415
27012010,0.021097,0.005780,0.024244,0.000000,0.025908,0.000000,0.026904,0.000000,0.027093,0.000345
27012011,0.021097,0.000000,0.024244,0.013333,0.025908,0.000000,0.026904,0.000000,0.027093,0.046603
27012202,0.021097,0.010870,0.024244,0.000000,0.025908,0.000000,0.026904,0.000000,0.027093,0.000533
27012304,0.021097,0.016667,0.024244,0.042553,0.025908,0.000000,0.026904,0.000000,0.027093,0.001151
27012502,0.021097,0.008264,0.024244,0.000000,0.025908,0.000000,0.026904,0.000000,0.027093,0.000359
27012504,0.021609,0.024793,0.024202,0.000000,0.025887,0.000000,0.026892,0.000000,0.027093,0.013124
27012505,0.021609,0.000000,0.024202,0.000000,0.025887,0.000000,0.026892,0.019048,0.027093,0.014715
27020102,0.021609,0.047619,0.024202,0.000000,0.025887,0.000000,0.026892,0.000000,0.027093,0.000447
27020103,0.021609,0.000000,0.024202,0.000000,0.025887,0.000000,0.026892,0.000000,0.027093,0.019425
27020108,0.021609,0.000000,0.024202,0.017699,0.025887,0.017699,0.026892,0.000000,0.027093,0.000529
27020410,0.021609,0.000000,0.024202,0.000000,0.025887,0.000000,0.026892,0.000000,0.027093,0.475872
27020601,0.021609,0.004525,0.024202,0.004367,0.025887,0.000000,0.026892,0.000000,0.027093,0.000274
27020602,0.021609,0.000000,0.024202,0.000000,0.025887,0.000000,0.026892,0.000000,0.027093,0.000566
27020604,0.021609,0.000000,0.024202,0.000000,0.025887,0.000000,0.026892,0.000000,0.027093,0.000418
27020605,0.021609,0.008772,0.024202,0.000000,0.025887,0.000000,0.026892,0.000000,0.027093,0.000432
27020607,0.021609,0.019737,0.024202,0.007874,0.025887,0.000000,0.026892,0.000000,0.027093,0.000359
27020801,0.021609,0.023256,0.024202,0.032609,0.025887,0.047059,0.026892,0.047059,0.027093,0.000484
27020803,0.021609,0.009434,0.024202,0.000000,0.025887,0.018750,0.026892,0.000000,0.027093,0.007425
27020910,0.021616,0.000000,0.024206,0.000000,0.025888,0.000000,0.026893,0.000000,0.027093,0.000905
27021002,0.021616,0.000000,0.024206,0.000000,0.025888,0.000000,0.026893,0.000000,0.027093,0.000610
27021005,0.021616,0.000000,0.024206,0.000000,0.025888,0.000000,0.026893,0.000000,0.027093,0.000654
27030501,0.021616,0.000000,0.024206,0.000000,0.025888,0.000000,0.026893,0.010204,0.027093,0.000582
27031602,0.021616,0.000000,0.024206,0.000000,0.025888,0.000000,0.026893,0.000000,0.027093,0.073139
27031604,0.021616,0.000000,0.024206,0.000000,0.025888,0.000000,0.026893,0.000000,0.027093,0.024860
27040309,0.021616,0.000000,0.024206,0.019231,0.025888,0.019231,0.026893,0.011429,0.027093,0.000345
27050201,0.021616,0.000000,0.024206,0.018405,0.025888,0.010526,0.026893,0.010204,0.027093,0.034586
27050205,0.021616,0.000000,0.024206,0.016129,0.025888,0.000000,0.026893,0.000000,0.027093,0.073332
27050206,0.021616,0.000000,0.024206,0.007812,0.025888,0.006944,0.026893,0.000000,0.027093,0.020392
27050301,0.021623,0.000000,0.024210,0.000000,0.025890,0.050505,0.026894,0.000000,0.027093,0.000520
27050503,0.021623,0.000000,0.024210,0.000000,0.025890,0.000000,0.026894,0.000000,0.027093,0.000481
27050504,0.021623,0.000000,0.024210,0.000000,0.025890,0.000000,0.026894,0.000000,0.027093,0.000484
27050701,0.021623,0.000000,0.024210,0.018182,0.025890,0.000000,0.026894,0.000000,0.027093,0.000447
27050705,0.021623,0.000000,0.024210,0.000000,0.025890,0.000000,0.026894,0.000000,0.027093,0.000467
27050801,0.021623,0.000000,0.024210,0.007519,0.025890,0.000000,0.026894,0.000000,0.027093,0.054398
27050802,0.021623,0.000000,0.024210,0.000000,0.025890,0.000000,0.026894,0.000000,0.027093,0.056858
27050803,0.021623,0.000000,0.024210,0.011029,0.025890,0.000000,0.026894,0.000000,0.027093,0.014927
27050805,0.021623,0.000000,0.024210,0.000000,0.025890,0.000000,0.026894,0.000000,0.027093,0.012098
27050806,0.021623,0.000000,0.024210,0.000000,0.025890,0.000000,0.026894,0.000000,0.027093,0.027163
27050903,0.021623,0.000000,0.024210,0.000000,0.025890,0.000000,0.026894,0.000000,0.027093,0.000582
27050904,0.021623,0.000000,0.024210,0.000000,0.025890,0.013274,0.026894,0.013274,0.027093,0.000273
27050908,0.021623,0.000000,0.024210,0.000000,0.025890,0.000000,0.026894,0.000000,0.027093,0.000273
27051001,0.022021,0.000000,0.024587,0.206522,0.026194,0.000000,0.027148,0.000000,0.027105,0.000647
27051002,0.022021,0.000000,0.024587,0.037037,0.026194,0.000000,0.027148,0.000000,0.027105,0.000547
27051004,0.022021,0.000000,0.024587,0.055046,0.026194,0.000000,0.027148,0.000000,0.027105,0.042115
27051005,0.022021,0.000000,0.024587,0.159091,0.026194,0.000000,0.027148,0.000000,0.027105,0.001346
27051006,0.022021,0.000000,0.024587,0.041667,0.026194,0.000000,0.027148,0.000000,0.027105,0.000675
27051101,0.022021,0.000000,0.024587,0.034783,0.026194,0.026087,0.027148,0.014706,0.027105,0.072279
27051103,0.022021,0.000000,0.024587,0.000000,0.026194,0.000000,0.027148,0.000000,0.027105,0.033262
27051104,0.022021,0.000000,0.024587,0.000000,0.026194,0.008000,0.027148,0.008000,0.027105,0.008359
27051105,0.022021,0.000000,0.024587,0.000000,0.026194,0.009434,0.027148,0.000000,0.027105,0.000552
27051106,0.022021,0.000000,0.024587,0.000000,0.026194,0.000000,0.027148,0.000000,0.027105,0.089365
27051803,0.022634,0.000000,0.025028,0.000000,0.026532,0.000000,0.027422,0.000000,0.027117,0.000746
27051903,0.022634,0.000000,0.025028,0.000000,0.026532,0.000000,0.027422,0.000000,0.027117,0.000529
27052007,0.022634,0.000000,0.025028,0.000000,0.026532,0.000000,0.027422,0.000000,0.027117,0.000512
27060201,0.022634,0.000000,0.025028,0.000000,0.026532,0.000000,0.027422,0.000000,0.027117,0.010107
27060203,0.022634,0.015873,0.025028,0.000000,0.026532,0.000000,0.027422,0.000000,0.027117,0.000823
27060403,0.022634,0.000000,0.025028,0.000000,0.026532,0.018868,0.027422,0.000000,0.027117,0.008701
27060404,0.022889,0.000000,0.024901,0.000000,0.026460,0.000000,0.027381,0.000000,0.027115,0.000467
27060405,0.022889,0.000000,0.024901,0.000000,0.026460,0.000000,0.027381,0.000000,0.027115,0.012192
27060407,0.022889,0.000000,0.024901,0.012987,0.026460,0.012739,0.027381,0.000000,0.027115,0.000361
27060409,0.022889,0.000000,0.024901,0.050360,0.026460,0.000000,0.027381,0.000000,0.027115,0.006001
27060411,0.022889,0.012195,0.024901,0.000000,0.026460,0.030612,0.027381,0.000000,0.027115,0.009311
27060501,0.022889,0.000000,0.024901,0.000000,0.026460,0.000000,0.027381,0.000000,0.027115,0.000435
27060506,0.022889,0.000000,0.024901,0.000000,0.026460,0.000000,0.027381,0.000000,0.027115,0.012778
27060603,0.022889,0.000000,0.024901,0.000000,0.026460,0.000000,0.027381,0.000000,0.027115,0.000682
27060705,0.022889,0.000000,0.024901,0.000000,0.026460,0.000000,0.027381,0.000000,0.027115,0.000542
27060903,0.022889,0.000000,0.024901,0.000000,0.026460,0.000000,0.027381,0.000000,0.027115,0.000932
27070103,0.023141,0.000000,0.025035,0.000000,0.026535,0.000000,0.027422,0.000000,0.027117,0.000512
27070106,0.023141,0.000000,0.025035,0.000000,0.026535,0.000000,0.027422,0.000000,0.027117,0.000319
27070405,0.023141,0.014493,0.025035,0.000000,0.026535,0.000000,0.027422,0.000000,0.027117,0.000834
27070501,0.023141,0.000000,0.025035,0.023810,0.026535,0.026316,0.027422,0.000000,0.027117,0.033798
27070502,0.023141,0.000000,0.025035,0.011628,0.026535,0.011905,0.027422,0.026316,0.027117,0.802476
27070504,0.023141,0.007143,0.025035,0.000000,0.026535,0.000000,0.027422,0.000000,0.027117,0.000447
27070512,0.023141,0.000000,0.025035,0.000000,0.026535,0.000000,0.027422,0.000000,0.027117,0.000704
27070601,0.023141,0.000000,0.025035,0.005076,0.026535,0.000000,0.027422,0.000000,0.027117,0.024086
27070603,0.023141,0.000000,0.025035,0.000000,0.026535,0.000000,0.027422,0.000000,0.027117,0.019425
27070605,0.023141,0.000000,0.025035,0.000000,0.026535,0.000000,0.027422,0.000000,0.027117,0.000604
27070612,0.023141,0.000000,0.025035,0.000000,0.026535,0.000000,0.027422,0.000000,0.027117,0.082874
27070706,0.023141,0.000000,0.025035,0.000000,0.026535,0.012987,0.027422,0.047059,0.027117,0.000746
27070804,0.023141,0.000000,0.025035,0.000000,0.026535,0.000000,0.027422,0.000000,0.027117,0.000453
27070807,0.023154,0.047945,0.025043,0.000000,0.026538,0.000000,0.027423,0.000000,0.027117,0.000426
27071004,0.023154,0.000000,0.025043,0.000000,0.026538,0.015504,0.027423,0.014925,0.027117,0.015147
27071005,0.023154,0.000000,0.025043,0.000000,0.026538,0.027273,0.027423,0.028037,0.027117,0.028306
27071102,0.023154,0.000000,0.025043,0.041667,0.026538,0.037037,0.027423,0.000000,0.027117,0.000628
27071202,0.023154,0.000000,0.025043,0.000000,0.026538,0.000000,0.027423,0.000000,0.027117,0.039182
27071402,0.023661,0.000000,0.025425,0.015504,0.026543,0.000000,0.027424,0.000000,0.027118,0.001375
27071501,0.023661,0.000000,0.025425,0.009852,0.026543,0.000000,0.027424,0.000000,0.027118,0.000262
27071507,0.023661,0.007299,0.025425,0.000000,0.026543,0.000000,0.027424,0.000000,0.027118,0.000387
27071603,0.023661,0.000000,0.025425,0.000000,0.026543,0.000000,0.027424,0.000000,0.027118,0.000945
27080102,0.023661,0.000000,0.025425,0.000000,0.026543,0.013889,0.027424,0.000000,0.027118,0.014931
27080104,0.023661,0.000000,0.025425,0.000000,0.026543,0.000000,0.027424,0.000000,0.027118,0.000389
27080202,0.023661,0.000000,0.025425,0.000000,0.026543,0.000000,0.027424,0.007692,0.027118,0.000435
27080206,0.023661,0.000000,0.025425,0.000000,0.026543,0.000000,0.027424,0.000000,0.027118,0.000533
27080310,0.023661,0.000000,0.025425,0.000000,0.026543,0.000000,0.027424,0.000000,0.027118,0.000634
27080402,0.023661,0.000000,0.025425,0.000000,0.026543,0.000000,0.027424,0.000000,0.027118,0.000410
27080404,0.024162,0.000000,0.025807,0.000000,0.026846,0.000000,0.027424,0.000000,0.027118,0.027542
27080405,0.024162,0.000000,0.025807,0.000000,0.026846,0.000000,0.027424,0.000000,0.027118,0.000297
27090202,0.024162,0.000000,0.025807,0.000000,0.026846,0.000000,0.027424,0.000000,0.027118,0.001505
27090303,0.024162,0.000000,0.025807,0.000000,0.026846,0.000000,0.027424,0.000000,0.027118,0.037714
27090306,0.024162,0.008333,0.025807,0.000000,0.026846,0.158730,0.027424,0.000000,0.027118,0.000402
27090307,0.024162,0.000000,0.025807,0.086022,0.026846,0.031579,0.027424,0.041667,0.027118,0.040542
27090309,0.024162,0.037037,0.025807,0.029851,0.026846,0.000000,0.027424,0.036765,0.027118,0.035107
27090311,0.024162,0.000000,0.025807,0.000000,0.026846,0.000000,0.027424,0.000000,0.027118,0.000371
27090412,0.024162,0.000000,0.025807,0.000000,0.026846,0.000000,0.027424,0.000000,0.027118,0.000990
27090501,0.024162,0.000000,0.025807,0.000000,0.026846,0.000000,0.027424,0.037500,0.027118,0.695583
27090504,0.024162,0.000000,0.025807,0.000000,0.026846,0.008130,0.027424,0.000000,0.027118,0.000504
27090601,0.024162,0.025000,0.025807,0.023392,0.026846,0.010929,0.027424,0.010811,0.027118,0.151981
27090604,0.024162,0.024194,0.025807,0.015385,0.026846,0.000000,0.027424,0.014599,0.027118,0.000385
27090606,0.024665,0.000000,0.025812,0.000000,0.026848,0.000000,0.027425,0.000000,0.027118,0.043193
27090804,0.024665,0.000000,0.025812,0.000000,0.026848,0.000000,0.027425,0.000000,0.027118,0.000905
27090806,0.024665,0.020325,0.025812,0.004525,0.026848,0.000000,0.027425,0.000000,0.027118,0.054886
27090901,0.024665,0.000000,0.025812,0.000000,0.026848,0.000000,0.027425,0.000000,0.027118,0.000450
27090903,0.024665,0.000000,0.025812,0.000000,0.026848,0.000000,0.027425,0.000000,0.027118,0.000682
27090904,0.024665,0.005128,0.025812,0.005263,0.026848,0.004831,0.027425,0.000000,0.027118,0.000293
27090907,0.024665,0.000000,0.025812,0.000000,0.026848,0.000000,0.027425,0.000000,0.027118,0.000378
27091004,0.024666,0.000000,0.025812,0.000000,0.026849,0.000000,0.027424,0.000000,0.027118,0.000529
27091006,0.024666,0.024590,0.025812,0.000000,0.026849,0.000000,0.027424,0.000000,0.027118,0.000407
27091104,0.024666,0.000000,0.025812,0.000000,0.026849,0.000000,0.027424,0.000000,0.027118,0.000488
27091107,0.024666,0.014706,0.025812,0.007092,0.026849,0.000000,0.027424,0.000000,0.027118,0.000918
27091110,0.024666,0.015267,0.025812,0.034483,0.026849,0.000000,0.027424,0.000000,0.027118,0.000399
27091112,0.024681,0.010417,0.025821,0.039604,0.026853,0.040000,0.027426,0.000000,0.027118,0.000500
27091401,0.024681,0.040359,0.025821,0.031873,0.026853,0.012000,0.027426,0.000000,0.027118,0.033045
27091402,0.024681,0.012500,0.025821,0.011905,0.026853,0.012048,0.027426,0.000000,0.027118,0.029392
27091405,0.024681,0.048387,0.025821,0.148148,0.026853,0.000000,0.027426,0.017857,0.027118,0.254627
27100207,0.024681,0.000000,0.025821,0.000000,0.026853,0.023529,0.027426,0.000000,0.027118,0.022488
27100309,0.024681,0.000000,0.025821,0.000000,0.026853,0.009259,0.027426,0.004444,0.027118,0.004681
27100401,0.025179,0.005988,0.026195,0.011429,0.027154,0.000000,0.027557,0.040000,0.027119,0.052902
27100402,0.025179,0.035294,0.026195,0.012346,0.027154,0.012346,0.027557,0.000000,0.027119,0.000697
27100403,0.025179,0.000000,0.026195,0.000000,0.027154,0.000000,0.027557,0.000000,0.027119,0.000347
27100404,0.025179,0.020408,0.026195,0.000000,0.027154,0.012579,0.027557,0.000000,0.027119,0.000389
27100405,0.025179,0.000000,0.026195,0.000000,0.027154,0.000000,0.027557,0.000000,0.027119,0.000556
27110704,0.025179,0.000000,0.026195,0.000000,0.027154,0.000000,0.027557,0.000000,0.027119,0.000834
27110707,0.025179,0.008197,0.026195,0.000000,0.027154,0.032258,0.027557,0.032000,0.027119,0.031203
27111009,0.025179,0.000000,0.026195,0.000000,0.027154,0.000000,0.027557,0.000000,0.027119,0.051723
27120401,0.025681,0.000000,0.026576,0.000000,0.027157,0.000000,0.027558,0.000000,0.027119,0.000500
27120404,0.025681,0.000000,0.026576,0.008197,0.027157,0.000000,0.027558,0.000000,0.027119,0.000647
27120407,0.025681,0.012579,0.026576,0.000000,0.027157,0.000000,0.027558,0.000000,0.027119,0.000371
27120409,0.025681,0.005236,0.026576,0.009132,0.027157,0.000000,0.027558,0.000000,0.027119,0.000281
27120506,0.025681,0.012195,0.026576,0.005952,0.027157,0.000000,0.027558,0.000000,0.027119,0.555193
27120508,0.025681,0.000000,0.026576,0.000000,0.027157,0.000000,0.027558,0.000000,0.027119,0.745452
27130407,0.025681,0.007092,0.026576,0.014085,0.027157,0.020408,0.027558,0.000000,0.027119,0.000410
27130410,0.025681,0.000000,0.026576,0.000000,0.027157,0.000000,0.027558,0.000000,0.027119,0.000380
27140302,0.025681,0.000000,0.026576,0.000000,0.027157,0.000000,0.027558,0.000000,0.027119,0.000359
27140406,0.026178,0.000000,0.026950,0.000000,0.027457,0.000000,0.027570,0.000000,0.027131,0.000856
27140501,0.026178,0.013889,0.026950,0.028571,0.027457,0.040000,0.027570,0.025641,0.027131,0.000729
27140603,0.026178,0.000000,0.026950,0.008850,0.027457,0.000000,0.027570,0.000000,0.027131,0.000520
27140704,0.026178,0.024096,0.026950,0.000000,0.027457,0.000000,0.027570,0.000000,0.027131,0.000737
27150101,0.026178,0.000000,0.026950,0.000000,0.027457,0.000000,0.027570,0.000000,0.027131,0.000533
27150103,0.026178,0.000000,0.026950,0.000000,0.027457,0.000000,0.027570,0.000000,0.027131,0.000387
27150104,0.026178,0.000000,0.026950,0.000000,0.027457,0.000000,0.027570,0.000000,0.027131,0.000823
27150106,0.026178,0.000000,0.026950,0.000000,0.027457,0.000000,0.027570,0.000000,0.027131,0.000792
27150108,0.026178,0.000000,0.026950,0.000000,0.027457,0.000000,0.027570,0.000000,0.027131,0.000447
27150201,0.026178,0.004831,0.026950,0.000000,0.027457,0.000000,0.027570,0.000000,0.027131,0.032635
27150205,0.026178,0.000000,0.026950,0.000000,0.027457,0.000000,0.027570,0.000000,0.027131,0.033216
27150306,0.026178,0.000000,0.026950,0.000000,0.027457,0.000000,0.027570,0.011765,0.027131,0.000661
27150403,0.026178,0.000000,0.026950,0.013889,0.027457,0.000000,0.027570,0.021739,0.027131,0.027788
27160201,0.026186,0.000000,0.026954,0.000000,0.027460,0.000000,0.027571,0.000000,0.027131,0.000628
27160202,0.026186,0.000000,0.026954,0.000000,0.027460,0.000000,0.027571,0.000000,0.027131,0.078111
27160301,0.026186,0.000000,0.026954,0.000000,0.027460,0.000000,0.027571,0.000000,0.027131,0.012054
27160404,0.026186,0.017699,0.026954,0.000000,0.027460,0.000000,0.027571,0.000000,0.027131,0.000823
49010202,0.026186,0.093567,0.026954,0.093567,0.027460,0.000000,0.027571,0.085271,0.027131,0.082884
49010203,0.026186,0.000000,0.026954,0.000000,0.027460,0.000000,0.027571,0.000000,0.027131,0.001261
49010205,0.026186,0.000000,0.026954,0.026217,0.027460,0.029316,0.027571,0.031359,0.027131,0.030396
49010302,0.026186,0.047619,0.026954,0.037736,0.027460,0.020619,0.027571,0.039604,0.027131,0.039646
49010306,0.026186,0.000000,0.026954,0.000000,0.027460,0.000000,0.027571,0.000000,0.027131,0.003792
49010308,0.026186,0.060606,0.026954,0.041096,0.027460,0.000000,0.027571,0.037500,0.027131,0.036421
49010412,0.026187,0.000000,0.026955,0.000000,0.027460,0.000000,0.027570,0.000000,0.027131,0.024296
49010501,0.026187,0.029586,0.026955,0.029586,0.027460,0.023669,0.027570,0.022989,0.027131,0.048781
49010503,0.026187,0.000000,0.026955,0.158730,0.027460,0.030651,0.027570,0.029630,0.027131,0.298089
49010504,0.026187,0.000000,0.026955,0.073529,0.027460,0.038961,0.027570,0.040000,0.027131,0.042856
49010506,0.026187,0.000000,0.026955,0.013333,0.027460,0.021429,0.027570,0.021277,0.027131,0.023993
49010507,0.026187,0.000000,0.026955,0.177778,0.027460,0.146667,0.027570,0.169231,0.027131,0.219939
49010508,0.026187,0.000000,0.026955,0.000000,0.027460,0.000000,0.027570,0.032086,0.027131,0.057100
49010601,0.026187,0.041736,0.026955,0.049719,0.027460,0.048758,0.027570,0.025930,0.027131,0.016465
49010602,0.026187,0.000000,0.026955,0.024096,0.027460,0.000000,0.027570,0.066667,0.027131,0.002446
49010604,0.026187,0.035294,0.026955,0.024000,0.027460,0.000000,0.027570,0.030211,0.027131,0.064672
49010605,0.026692,0.000000,0.026963,0.004348,0.027463,0.004405,0.027572,0.136187,0.027131,0.000969
49010606,0.026692,0.023697,0.026963,0.000000,0.027463,0.000000,0.027572,0.031343,0.027131,0.003311
49010701,0.026692,0.097222,0.026963,0.155340,0.027463,0.139535,0.027572,0.180723,0.027131,0.113964
49010706,0.026692,0.000000,0.026963,0.007812,0.027463,0.019417,0.027572,0.022222,0.027131,0.016699
49010708,0.026692,0.076923,0.026963,0.038462,0.027463,0.036364,0.027572,0.036364,0.027131,0.029092
49010801,0.026692,0.021739,0.026963,0.020833,0.027463,0.000000,0.027572,0.000000,0.027131,0.189455
49010803,0.026692,0.074074,0.026963,0.101695,0.027463,0.087719,0.027572,0.079365,0.027131,0.077199
49010804,0.026692,0.030769,0.026963,0.230769,0.027463,0.012821,0.027572,0.012346,0.027131,0.014220
49010905,0.027185,0.000000,0.027334,0.011364,0.027761,0.011364,0.027571,0.011765,0.027131,0.009890
49010906,0.027185,0.015152,0.027334,0.016129,0.027761,0.015873,0.027571,0.015873,0.027131,0.094742
49010911,0.027185,0.000000,0.027334,0.032258,0.027761,0.033333,0.027571,0.029412,0.027131,0.031810
49011001,0.027185,0.000000,0.027334,0.022989,0.027761,0.017544,0.027571,0.019231,0.027131,0.058943
49011005,0.027185,0.000000,0.027334,0.031915,0.027761,0.000000,0.027571,0.000000,0.027131,0.001893
49011006,0.027693,0.000000,0.027717,0.000000,0.027766,0.028571,0.027573,0.024390,0.027132,0.029445
49011101,0.027693,0.000000,0.027717,0.048780,0.027766,0.027397,0.027573,0.051948,0.027132,0.051137
49011103,0.027693,0.070175,0.027717,0.033898,0.027766,0.017241,0.027573,0.066667,0.027132,0.049910
49011104,0.027693,0.000000,0.027717,0.000000,0.027766,0.016393,0.027573,0.050000,0.027132,0.047702
49011106,0.027693,0.000000,0.027717,0.048387,0.027766,0.000000,0.027573,0.000000,0.027132,0.045681
49011110,0.027693,0.027523,0.027717,0.027523,0.027766,0.027778,0.027573,0.103774,0.027132,0.092997
49011112,0.027692,0.057143,0.027717,0.042254,0.027765,0.000000,0.027573,0.000000,0.027132,0.022845
49011113,0.027692,0.080000,0.027717,0.012987,0.027765,0.000000,0.027573,0.000000,0.027132,0.002936
49011201,0.027692,0.044304,0.027717,0.000000,0.027765,0.015464,0.027573,0.015464,0.027132,0.001128
49011301,0.027692,0.086957,0.027717,0.020000,0.027765,0.109091,0.027573,0.170455,0.027132,0.250278
49011401,0.027692,0.000000,0.027717,0.000000,0.027765,0.000000,0.027573,0.000000,0.027132,0.002472
49011405,0.027692,0.000000,0.027717,0.000000,0.027765,0.000000,0.027573,0.000000,0.027132,0.005887
49011407,0.027697,0.000000,0.027720,0.024390,0.027767,0.000000,0.027574,0.000000,0.027132,0.004054
49011606,0.027697,0.106796,0.027720,0.000000,0.027767,0.148515,0.027574,0.000000,0.027132,0.002174
49011801,0.027697,0.000000,0.027720,0.074906,0.027767,0.035294,0.027574,0.030717,0.027132,0.006943
49011804,0.027697,0.075000,0.027720,0.000000,0.027767,0.000000,0.027574,0.000000,0.027132,0.051500
49011806,0.028191,0.000000,0.027718,0.085859,0.027765,0.000000,0.027573,0.000000,0.027132,0.000603
49011904,0.028191,0.134615,0.027718,0.194175,0.027765,0.153846,0.027573,0.160714,0.027132,0.164943
49011905,0.028191,0.000000,0.027718,0.316742,0.027765,0.269231,0.027573,0.266667,0.027132,0.000985
49011906,0.028191,0.503145,0.027718,0.314465,0.027765,0.344828,0.027573,0.179104,0.027132,0.307643
49011907,0.028191,0.534884,0.027718,0.082569,0.027765,0.082569,0.027573,0.107143,0.027132,0.169822
49012001,0.028191,0.052874,0.027718,0.052874,0.027765,0.000000,0.027573,0.044444,0.027132,0.020895
49012003,0.028699,0.021429,0.028095,0.026490,0.028032,0.139303,0.027586,0.135922,0.027144,0.067767
49012004,0.028699,0.137931,0.028095,0.147059,0.028032,0.000000,0.027586,0.019048,0.027144,0.016332
49012013,0.028699,0.026667,0.028095,0.026667,0.028032,0.053691,0.027586,0.000000,0.027144,0.026067
49012101,0.028699,0.000000,0.028095,0.047619,0.028032,0.026667,0.027586,0.064103,0.027144,0.067277
49012105,0.028699,0.000000,0.028095,0.000000,0.028032,0.000000,0.027586,0.032258,0.027144,0.026774
49012106,0.028699,0.000000,0.028095,0.000000,0.028032,0.000000,0.027586,0.000000,0.027144,0.003616
49012107,0.028699,0.000000,0.028095,0.000000,0.028032,0.000000,0.027586,0.000000,0.027144,0.042668
49012205,0.029007,0.000000,0.028476,0.000000,0.028052,0.000000,0.027600,0.000000,0.027144,0.005350
49012302,0.029007,0.042857,0.028476,0.042254,0.028052,0.028571,0.027600,0.026667,0.027144,0.115248
49012305,0.029007,0.025862,0.028476,0.023438,0.028052,0.016667,0.027600,0.014388,0.027144,0.008644
49020104,0.029007,0.055556,0.028476,0.113565,0.028052,0.029674,0.027600,0.029674,0.027144,0.005561
49020105,0.029007,0.017668,0.028476,0.017544,0.028052,0.023569,0.027600,0.023569,0.027144,0.454150
49020108,0.029007,0.000000,0.028476,0.005195,0.028052,0.015385,0.027600,0.015385,0.027144,0.044965
49020201,0.029007,0.027027,0.028476,0.026316,0.028052,0.000000,0.027600,0.000000,0.027144,0.005606
49020202,0.029004,0.016393,0.028475,0.023256,0.028051,0.000000,0.027600,0.009174,0.027144,0.010942
49020203,0.029004,0.000000,0.028475,0.000000,0.028051,0.000000,0.027600,0.000000,0.027144,0.003985
49020208,0.029004,0.000000,0.028475,0.000000,0.028051,0.000000,0.027600,0.000000,0.027144,0.002024
49020302,0.029004,0.045872,0.028475,0.015625,0.028051,0.033058,0.027600,0.040984,0.027144,0.058434
49020501,0.028998,0.056818,0.028472,0.056818,0.028049,0.054348,0.027599,0.021739,0.027144,0.021525
49020502,0.028998,0.000000,0.028472,0.000000,0.028049,0.018519,0.027599,0.000000,0.027144,0.001940
49020503,0.028998,0.010989,0.028472,0.000000,0.028049,0.000000,0.027599,0.033708,0.027144,0.034480
49020701,0.028998,0.028571,0.028472,0.029915,0.028049,0.024896,0.027599,0.013158,0.027144,0.020624
49020704,0.028998,0.003623,0.028472,0.000000,0.028049,0.000000,0.027599,0.000000,0.027144,0.001422
49020901,0.028998,0.051282,0.028472,0.047619,0.028049,0.039216,0.027599,0.000000,0.027144,0.004125
49020903,0.028998,0.019608,0.028472,0.015625,0.028049,0.000000,0.027599,0.013514,0.027144,0.002525
49020904,0.028998,0.035294,0.028472,0.000000,0.028049,0.000000,0.027599,0.000000,0.027144,0.001564
49021201,0.028998,0.163043,0.028472,0.081522,0.028049,0.080808,0.027599,0.028986,0.027144,0.475718
49021204,0.028998,0.027523,0.028472,0.008130,0.028049,0.009434,0.027599,0.000000,0.027144,0.009890
49021206,0.028998,0.081633,0.028472,0.009524,0.028049,0.008475,0.027599,0.008475,0.027144,0.028420
49021211,0.029030,0.035088,0.028530,0.016949,0.028050,0.016393,0.027600,0.031746,0.027145,0.017683
49021212,0.029030,0.008547,0.028530,0.000000,0.028050,0.000000,0.027600,0.000000,0.027145,0.017347
49021601,0.029060,0.000000,0.028535,0.000000,0.028053,0.000000,0.027601,0.000000,0.027145,0.004276
49021602,0.029060,0.000000,0.028535,0.010989,0.028053,0.033333,0.027601,0.049383,0.027145,0.002257
49021605,0.029060,0.000000,0.028535,0.000000,0.028053,0.018519,0.027601,0.000000,0.027145,0.001834
49021609,0.029081,0.000000,0.028550,0.000000,0.028067,0.000000,0.027602,0.000000,0.027145,0.003508
49021901,0.029081,0.000000,0.028550,0.005525,0.028067,0.000000,0.027602,0.000000,0.027145,0.001485
49021902,0.029081,0.000000,0.028550,0.006667,0.028067,0.000000,0.027602,0.000000,0.027145,0.081352
49021907,0.029081,0.010417,0.028550,0.000000,0.028067,0.000000,0.027602,0.000000,0.027145,0.002257
49021908,0.029081,0.000000,0.028550,0.000000,0.028067,0.000000,0.027602,0.000000,0.027145,0.003731
49022101,0.029076,0.043478,0.028547,0.052083,0.028066,0.049505,0.027601,0.049505,0.027145,0.001908
49022103,0.029076,0.012346,0.028547,0.000000,0.028066,0.000000,0.027601,0.000000,0.027145,0.002096
49022104,0.029076,0.000000,0.028547,0.000000,0.028066,0.000000,0.027601,0.000000,0.027145,0.100874
49022106,0.029076,0.000000,0.028547,0.007634,0.028066,0.000000,0.027601,0.000000,0.027145,0.066528
49022301,0.029076,0.086957,0.028547,0.000000,0.028066,0.000000,0.027601,0.075949,0.027145,0.071822
49022303,0.029076,0.256410,0.028547,0.262295,0.028066,0.000000,0.027601,0.000000,0.027145,0.001848
49022504,0.029083,0.013333,0.028552,0.012987,0.028068,0.024096,0.027602,0.026667,0.027146,0.046335
49022507,0.029083,0.000000,0.028552,0.000000,0.028068,0.000000,0.027602,0.000000,0.027146,0.047702
49022508,0.029083,0.019608,0.028552,0.000000,0.028068,0.048780,0.027602,0.045455,0.027146,0.040040
49030102,0.029083,0.000000,0.028552,0.031250,0.028068,0.051724,0.027602,0.000000,0.027146,0.003673
49030201,0.029083,0.007692,0.028552,0.051852,0.028068,0.169492,0.027602,0.118644,0.027146,0.017137
49030204,0.029083,0.000000,0.028552,0.006993,0.028068,0.006369,0.027602,0.008621,0.027146,0.018717
49030205,0.029083,0.000000,0.028552,0.028902,0.028068,0.024540,0.027602,0.000000,0.027146,0.001241
49030207,0.029113,0.000000,0.028571,0.000000,0.028083,0.000000,0.027614,0.000000,0.027157,0.019462
49030301,0.029113,0.006536,0.028571,0.028571,0.028083,0.016760,0.027614,0.003460,0.027157,0.019005
49030401,0.029113,0.050000,0.028571,0.034091,0.028083,0.000000,0.027614,0.141176,0.027157,0.063015
49030402,0.029113,0.000000,0.028571,0.058140,0.028083,0.000000,0.027614,0.218182,0.027157,0.091803
49030403,0.029113,0.000000,0.028571,0.052632,0.028083,0.051724,0.027614,0.051724,0.027157,0.044426
49030405,0.029113,0.017241,0.028571,0.051724,0.028083,0.032258,0.027614,0.032258,0.027157,0.038654
49030409,0.029133,0.000000,0.028572,0.000000,0.028083,0.047619,0.027615,0.000000,0.027157,0.004524
49030502,0.029133,0.010309,0.028572,0.000000,0.028083,0.000000,0.027615,0.000000,0.027157,0.008957
49030601,0.029133,0.000000,0.028572,0.000000,0.028083,0.000000,0.027615,0.024390,0.027157,0.013301
49030602,0.029133,0.000000,0.028572,0.022222,0.028083,0.023810,0.027615,0.008333,0.027157,0.001878
49030903,0.029133,0.000000,0.028572,0.000000,0.028083,0.036232,0.027615,0.034483,0.027157,0.013395
49031002,0.029164,0.016260,0.028592,0.013245,0.028085,0.031250,0.027616,0.000000,0.027157,0.001296
49031003,0.029164,0.016129,0.028592,0.044776,0.028085,0.000000,0.027616,0.000000,0.027157,0.017040
49031102,0.029164,0.018868,0.028592,0.041667,0.028085,0.030769,0.027616,0.038760,0.027157,0.036654
49051203,0.029161,0.000000,0.028591,0.000000,0.028085,0.000000,0.027616,0.012821,0.027157,0.015467
49051301,0.029166,0.027027,0.028593,0.101266,0.028086,0.038961,0.027616,0.049020,0.027158,0.074589
49051505,0.029166,0.020134,0.028593,0.020134,0.028086,0.037037,0.027616,0.027491,0.027158,0.071693
49051506,0.029186,0.023810,0.028612,0.023256,0.028100,0.025641,0.027629,0.075949,0.027158,0.047662
49051507,0.029186,0.000000,0.028612,0.000000,0.028100,0.031496,0.027629,0.041322,0.027158,0.016824
49051601,0.029186,0.000000,0.028612,0.000000,0.028100,0.000000,0.027629,0.000000,0.027158,0.040792
49051604,0.029186,0.000000,0.028612,0.020979,0.028100,0.024390,0.027629,0.027586,0.027158,0.701181
49051605,0.029186,0.086614,0.028612,0.007692,0.028100,0.020270,0.027629,0.000000,0.027158,0.025538
49051707,0.029216,0.000000,0.028614,0.000000,0.028102,0.000000,0.027630,0.000000,0.027158,0.025292
49051902,0.029216,0.042735,0.028614,0.017094,0.028102,0.017094,0.027630,0.081818,0.027158,0.019633
49052001,0.029216,0.085366,0.028614,0.034091,0.028102,0.033708,0.027630,0.043011,0.027158,0.054072
49052003,0.029216,0.023810,0.028614,0.173913,0.028102,0.181818,0.027630,0.156863,0.027158,0.140032
49052006,0.029216,0.016667,0.028614,0.016949,0.028102,0.050847,0.027630,0.066667,0.027158,0.065342
49052009,0.029216,0.052239,0.028614,0.142857,0.028102,0.169014,0.027630,0.176056,0.027158,0.170729
49052010,0.029216,0.047170,0.028614,0.144144,0.028102,0.161616,0.027630,0.175926,0.027158,0.170513
49052103,0.029216,0.000000,0.028614,0.022901,0.028102,0.022901,0.027630,0.022901,0.027158,0.033760
49052106,0.029216,0.017241,0.028614,0.017241,0.028102,0.022222,0.027630,0.022222,0.027158,0.017683
49060102,0.029246,0.034483,0.028639,0.000000,0.028120,0.039062,0.027631,0.010989,0.027159,0.018774
49060702,0.029244,0.000000,0.028637,0.000000,0.028120,0.000000,0.027631,0.036697,0.027159,0.029242
49060706,0.029244,0.009132,0.028637,0.034483,0.028120,0.019608,0.027631,0.030303,0.027159,0.049165
49060901,0.029244,0.011111,0.028637,0.000000,0.028120,0.000000,0.027631,0.017391,0.027159,0.034982
49070101,0.029239,0.000000,0.028634,0.000000,0.028118,0.000000,0.027630,0.102941,0.027159,0.002669
49070103,0.029239,0.000000,0.028634,0.098160,0.028118,0.117647,0.027630,0.091503,0.027159,0.001235
49070203,0.029239,0.000000,0.028634,0.000000,0.028118,0.000000,0.027630,0.000000,0.027159,0.002396
49070301,0.029239,0.000000,0.028634,0.016129,0.028118,0.016393,0.027630,0.000000,0.027159,0.003792
49070303,0.029239,0.112150,0.028634,0.000000,0.028118,0.000000,0.027630,0.000000,0.027159,0.002096
49070502,0.029239,0.000000,0.028634,0.000000,0.028118,0.000000,0.027630,0.000000,0.027159,0.002936
49070503,0.029269,0.000000,0.028655,0.000000,0.028119,0.000000,0.027631,0.000000,0.027159,0.010276
49070601,0.029269,0.000000,0.028655,0.000000,0.028119,0.000000,0.027631,0.000000,0.027159,0.002194
49080201,0.029269,0.025641,0.028655,0.000000,0.028119,0.018182,0.027631,0.027523,0.027159,0.027455
49080301,0.029299,0.000000,0.028674,0.015748,0.028135,0.016000,0.027645,0.008772,0.027171,0.001791
49090206,0.029299,0.000000,0.028674,0.000000,0.028135,0.000000,0.027645,0.017241,0.027171,0.018477
49090301,0.029319,0.000000,0.028675,0.000000,0.028136,0.000000,0.027645,0.007194,0.027171,0.001819
49090404,0.029319,0.000000,0.028675,0.000000,0.028136,0.000000,0.027645,0.000000,0.027171,0.011264
49100201,0.029319,0.053333,0.028675,0.012987,0.028136,0.011111,0.027645,0.210526,0.027171,0.049931
49100301,0.029319,0.226852,0.028675,0.248555,0.028136,0.000000,0.027645,0.071006,0.027171,0.040603
49100302,0.029316,0.000000,0.028673,0.013699,0.028135,0.006329,0.027645,0.000000,0.027171,0.001534
49100304,0.029316,0.000000,0.028673,0.008333,0.028135,0.000000,0.027645,0.000000,0.027171,0.002639
49100305,0.029316,0.063830,0.028673,0.000000,0.028135,0.029412,0.027645,0.081818,0.027171,0.018496
49100401,0.029316,0.007143,0.028673,0.006536,0.028135,0.000000,0.027645,0.000000,0.027171,0.001405
49100402,0.029316,0.000000,0.028673,0.022857,0.028135,0.022599,0.027645,0.000000,0.027171,0.002525
49100404,0.029316,0.066225,0.028673,0.046358,0.028135,0.000000,0.027645,0.000000,0.027171,0.002115
49100405,0.029316,0.011236,0.028673,0.000000,0.028135,0.000000,0.027645,0.010204,0.027171,0.001940
49110105,0.029316,0.028571,0.028673,0.000000,0.028135,0.000000,0.027645,0.000000,0.027171,0.004524
49110301,0.029316,0.000000,0.028673,0.000000,0.028135,0.000000,0.027645,0.000000,0.027171,0.062781
49110302,0.029322,0.000000,0.028677,0.000000,0.028137,0.000000,0.027646,0.000000,0.027171,0.001819
49110304,0.029322,0.000000,0.028677,0.017699,0.028137,0.000000,0.027646,0.000000,0.027171,0.002553
49110306,0.029322,0.000000,0.028677,0.000000,0.028137,0.000000,0.027646,0.000000,0.027171,0.002059
49110401,0.029322,0.025974,0.028677,0.046512,0.028137,0.000000,0.027646,0.000000,0.027171,0.002372
49110403,0.029352,0.020000,0.028697,0.000000,0.028151,0.000000,0.027645,0.000000,0.027172,0.004054
49110404,0.029352,0.023810,0.028697,0.016667,0.028151,0.018293,0.027645,0.000000,0.027172,0.001364
49110405,0.029352,0.062500,0.028697,0.028846,0.028151,0.000000,0.027645,0.000000,0.027172,0.001878
49110501,0.029371,0.197802,0.028716,0.000000,0.028153,0.015625,0.027646,0.000000,0.027172,0.018503
49110504,0.029371,0.028986,0.028716,0.000000,0.028153,0.000000,0.027646,0.000000,0.027172,0.002731
49110505,0.029368,0.000000,0.028714,0.000000,0.028152,0.019608,0.027645,0.012195,0.027172,0.032407
49110506,0.029368,0.033613,0.028714,0.000000,0.028152,0.030928,0.027645,0.000000,0.027172,0.001485
49110602,0.029368,0.000000,0.028714,0.000000,0.028152,0.000000,0.027645,0.000000,0.027172,0.002731
49110609,0.029368,0.062500,0.028714,0.000000,0.028152,0.000000,0.027645,0.000000,0.027172,0.075196
53010301,0.029368,0.000000,0.028714,0.000000,0.028152,0.000000,0.027645,0.000000,0.027172,0.000204
53010306,0.029368,0.000000,0.028714,0.000000,0.028152,0.027778,0.027645,0.000000,0.027172,0.000361
53010503,0.029368,0.000000,0.028714,0.000000,0.028152,0.000000,0.027645,0.000000,0.027172,0.000411
53010506,0.029399,0.000000,0.028716,0.000000,0.028153,0.009524,0.027646,0.009346,0.027172,0.009332
53010507,0.029399,0.000000,0.028716,0.000000,0.028153,0.000000,0.027646,0.000000,0.027172,0.000232
53010606,0.029399,0.006061,0.028716,0.000000,0.028153,0.000000,0.027646,0.000000,0.027172,0.000298
53010801,0.029399,0.145503,0.028716,0.080745,0.028153,0.062112,0.027646,0.000000,0.027172,0.075868
53011008,0.029404,0.000000,0.028719,0.000000,0.028155,0.000000,0.027647,0.000000,0.027172,0.011532
53011203,0.029404,0.000000,0.028719,0.047244,0.028155,0.000000,0.027647,0.024000,0.027172,0.000097
53011205,0.029404,0.000000,0.028719,0.000000,0.028155,0.000000,0.027647,0.000000,0.027172,0.000271
53011206,0.029424,0.000000,0.028737,0.000000,0.028169,0.000000,0.027660,0.000000,0.027184,0.000376
53011208,0.029424,0.000000,0.028737,0.000000,0.028169,0.000000,0.027660,0.000000,0.027184,0.058908
53011209,0.029440,0.000000,0.028750,0.000000,0.028183,0.000000,0.027673,0.000000,0.027184,0.000230
53011801,0.029440,0.000000,0.028750,0.000000,0.028183,0.000000,0.027673,0.000000,0.027184,0.000141
53011802,0.029440,0.000000,0.028750,0.000000,0.028183,0.000000,0.027673,0.000000,0.027184,0.000589
53011803,0.029451,0.000000,0.028756,0.000000,0.028186,0.000000,0.027674,0.000000,0.027185,0.009382
53011806,0.029451,0.000000,0.028756,0.000000,0.028186,0.003663,0.027674,0.000000,0.027185,0.000089
53011901,0.029451,0.006024,0.028756,0.000000,0.028186,0.000000,0.027674,0.000000,0.027185,0.000147
53011903,0.029481,0.000000,0.028775,0.000000,0.028185,0.000000,0.027674,0.000000,0.027185,0.009425
53011904,0.029481,0.024390,0.028775,0.024390,0.028185,0.023810,0.027674,0.000000,0.027185,0.019111
53011905,0.029481,0.000000,0.028775,0.000000,0.028185,0.000000,0.027674,0.000000,0.027185,0.000361
53011906,0.029477,0.011628,0.028773,0.000000,0.028184,0.011765,0.027673,0.011364,0.027185,0.000279
53012001,0.029477,0.000000,0.028773,0.000000,0.028184,0.000000,0.027673,0.000000,0.027185,0.000101
53012303,0.029477,0.029762,0.028773,0.009569,0.028184,0.000000,0.027673,0.000000,0.027185,0.000531
53012305,0.029477,0.000000,0.028773,0.000000,0.028184,0.000000,0.027673,0.000000,0.027185,0.000204
53012307,0.029493,0.000000,0.028772,0.000000,0.028183,0.000000,0.027673,0.000000,0.027185,0.109632
53012402,0.029493,0.000000,0.028772,0.000000,0.028183,0.000000,0.027673,0.000000,0.027185,0.000343
53012404,0.029493,0.000000,0.028772,0.000000,0.028183,0.000000,0.027673,0.000000,0.027185,0.000246
53012406,0.029536,0.000000,0.028799,0.000000,0.028204,0.000000,0.027675,0.000000,0.027185,0.000933
53012501,0.029536,0.011719,0.028799,0.003704,0.028204,0.003745,0.027675,0.000000,0.027185,0.000092
53012502,0.029536,0.000000,0.028799,0.034783,0.028204,0.000000,0.027675,0.000000,0.027185,0.000202
53012506,0.029534,0.000000,0.028798,0.000000,0.028203,0.000000,0.027675,0.000000,0.027185,0.000846
53012507,0.029534,0.000000,0.028798,0.000000,0.028203,0.000000,0.027675,0.000000,0.027185,0.000376
53012601,0.029534,0.015625,0.028798,0.000000,0.028203,0.000000,0.027675,0.000000,0.027185,0.000256
53012605,0.029553,0.000000,0.028817,0.000000,0.028218,0.000000,0.027688,0.000000,0.027197,0.000226
53012606,0.029553,0.000000,0.028817,0.000000,0.028218,0.000000,0.027688,0.000000,0.027197,0.000366
53012701,0.029553,0.000000,0.028817,0.000000,0.028218,0.000000,0.027688,0.000000,0.027197,0.000242
53012702,0.029553,0.000000,0.028817,0.000000,0.028218,0.000000,0.027688,0.000000,0.027197,0.000417
53012703,0.029544,0.000000,0.028812,0.000000,0.028216,0.000000,0.027687,0.000000,0.027197,0.000343
53012706,0.029544,0.000000,0.028812,0.000000,0.028216,0.000000,0.027687,0.000000,0.027197,0.000258
53012707,0.029544,0.000000,0.028812,0.000000,0.028216,0.000000,0.027687,0.000000,0.027197,0.000143
53012708,0.029589,0.000000,0.028822,0.000000,0.028220,0.000000,0.027689,0.000000,0.027197,0.000459
53020101,0.029589,0.000000,0.028822,0.078431,0.028220,0.000000,0.027689,0.000000,0.027197,0.000357
53020103,0.029589,0.000000,0.028822,0.000000,0.028220,0.000000,0.027689,0.061069,0.027197,0.058563
53020106,0.029589,0.000000,0.028822,0.000000,0.028220,0.000000,0.027689,0.000000,0.027197,0.000511
53020109,0.029609,0.000000,0.028835,0.010638,0.028219,0.000000,0.027689,0.000000,0.027198,0.000196
53020201,0.029609,0.004329,0.028835,0.000000,0.028219,0.016260,0.027689,0.020080,0.027198,0.015023
53020203,0.029609,0.000000,0.028835,0.022472,0.028219,0.000000,0.027689,0.000000,0.027198,0.017617
53020204,0.029606,0.009804,0.028834,0.004525,0.028218,0.000000,0.027689,0.000000,0.027198,0.010770
53020205,0.029621,0.007042,0.028851,0.012739,0.028232,0.012346,0.027701,0.000000,0.027209,0.011990
53020207,0.029621,0.005952,0.028851,0.000000,0.028232,0.000000,0.027701,0.000000,0.027209,0.000132
53020209,0.029621,0.000000,0.028851,0.000000,0.028232,0.000000,0.027701,0.000000,0.027209,0.016011
53020212,0.029621,0.007246,0.028851,0.000000,0.028232,0.003247,0.027701,0.000000,0.027209,0.000084
53020213,0.029621,0.005155,0.028851,0.000000,0.028232,0.000000,0.027701,0.000000,0.027209,0.000134
53020301,0.029640,0.004525,0.028862,0.004367,0.028237,0.007937,0.027703,0.000000,0.027209,0.000196
53020303,0.029660,0.009434,0.028858,0.008130,0.028235,0.008475,0.027702,0.008475,0.027209,0.000393
53020307,0.029660,0.000000,0.028858,0.000000,0.028235,0.000000,0.027702,0.000000,0.027209,0.027754
53020314,0.029660,0.000000,0.028858,0.011111,0.028235,0.000000,0.027702,0.000000,0.027209,0.000274
53020403,0.029660,0.007937,0.028858,0.015385,0.028235,0.015873,0.027702,0.000000,0.027209,0.007549
53020404,0.029660,0.000000,0.028858,0.020000,0.028235,0.020000,0.027702,0.000000,0.027209,0.017928
53020407,0.029678,0.000000,0.028875,0.000000,0.028251,0.000000,0.027704,0.000000,0.027210,0.011156
53020408,0.029678,0.006579,0.028875,0.010753,0.028251,0.019608,0.027704,0.000000,0.027210,0.000253
53020410,0.029678,0.000000,0.028875,0.000000,0.028251,0.008621,0.027704,0.000000,0.027210,0.008484
53020501,0.029678,0.000000,0.028875,0.000000,0.028251,0.000000,0.027704,0.000000,0.027210,0.000136
53020502,0.029678,0.000000,0.028875,0.000000,0.028251,0.000000,0.027704,0.000000,0.027210,0.000136
53020505,0.029678,0.000000,0.028875,0.000000,0.028251,0.000000,0.027704,0.000000,0.027210,0.000128
53020701,0.029717,0.004717,0.028901,0.000000,0.028254,0.000000,0.027705,0.000000,0.027210,0.008698
53020702,0.029712,0.006803,0.028898,0.000000,0.028252,0.000000,0.027704,0.000000,0.027210,0.000168
53020703,0.029712,0.000000,0.028898,0.000000,0.028252,0.000000,0.027704,0.000000,0.027210,0.000140
53020705,0.029729,0.000000,0.028915,0.000000,0.028268,0.000000,0.027717,0.000000,0.027211,0.000183
53020706,0.029729,0.000000,0.028915,0.000000,0.028268,0.000000,0.027717,0.000000,0.027211,0.000142
53020707,0.029772,0.000000,0.028924,0.000000,0.028273,0.000000,0.027719,0.000000,0.027211,0.000213
53020708,0.029772,0.000000,0.028924,0.000000,0.028273,0.000000,0.027719,0.000000,0.027211,0.000132
53020711,0.029772,0.015873,0.028924,0.000000,0.028273,0.000000,0.027719,0.000000,0.027211,0.000123
53020901,0.029772,0.000000,0.028924,0.000000,0.028273,0.007042,0.027719,0.000000,0.027211,0.000181
53021004,0.029769,0.000000,0.028923,0.000000,0.028272,0.000000,0.027718,0.000000,0.027211,0.000108
53021101,0.029769,0.014925,0.028923,0.000000,0.028272,0.000000,0.027718,0.000000,0.027211,0.000240
53021103,0.029769,0.000000,0.028923,0.000000,0.028272,0.000000,0.027718,0.000000,0.027211,0.000277
53021104,0.029769,0.000000,0.028923,0.000000,0.028272,0.000000,0.027718,0.000000,0.027211,0.000217
53021106,0.029769,0.000000,0.028923,0.000000,0.028272,0.000000,0.027718,0.000000,0.027211,0.000164
53021701,0.029769,0.000000,0.028923,0.000000,0.028272,0.000000,0.027718,0.007692,0.027211,0.006710
53021702,0.029788,0.000000,0.028936,0.000000,0.028284,0.000000,0.027730,0.000000,0.027223,0.000161
53021704,0.029788,0.000000,0.028936,0.000000,0.028284,0.000000,0.027730,0.000000,0.027223,0.000065
53021707,0.029781,0.000000,0.028932,0.000000,0.028282,0.000000,0.027730,0.000000,0.027223,0.000301
53021801,0.029781,0.010417,0.028932,0.018692,0.028282,0.020833,0.027730,0.000000,0.027223,0.025639
53021802,0.029823,0.000000,0.028964,0.020202,0.028290,0.008475,0.027733,0.000000,0.027223,0.008484
53021803,0.029823,0.000000,0.028964,0.003175,0.028290,0.003175,0.027733,0.000000,0.027223,0.014789
53021805,0.029823,0.000000,0.028964,0.000000,0.028290,0.012821,0.027733,0.000000,0.027223,0.048480
53021806,0.029823,0.007634,0.028964,0.022222,0.028290,0.019868,0.027733,0.000000,0.027223,0.000192
53021807,0.029823,0.000000,0.028964,0.000000,0.028290,0.000000,0.027733,0.000000,0.027223,0.000176
53021809,0.029843,0.000000,0.028960,0.012195,0.028288,0.000000,0.027733,0.000000,0.027223,0.000343
53021811,0.029841,0.000000,0.028959,0.000000,0.028287,0.000000,0.027732,0.000000,0.027223,0.000279
53021812,0.029841,0.000000,0.028959,0.000000,0.028287,0.000000,0.027732,0.000000,0.027223,0.000361
53021813,0.029841,0.000000,0.028959,0.010309,0.028287,0.008547,0.027732,0.000000,0.027223,0.008083
53021814,0.029841,0.000000,0.028959,0.037037,0.028287,0.000000,0.027732,0.000000,0.027223,0.000330
53021815,0.029841,0.008850,0.028959,0.009091,0.028287,0.008850,0.027732,0.000000,0.027223,0.008279
53021901,0.029857,0.000000,0.028976,0.000000,0.028301,0.000000,0.027732,0.000000,0.027224,0.000098
53021902,0.029857,0.000000,0.028976,0.000000,0.028301,0.000000,0.027732,0.000000,0.027224,0.007343
53022005,0.029857,0.000000,0.028976,0.000000,0.028301,0.000000,0.027732,0.000000,0.027224,0.000220
53022008,0.029857,0.013158,0.028976,0.000000,0.028301,0.000000,0.027732,0.000000,0.027224,0.000343
53022405,0.029875,0.000000,0.028986,0.005263,0.028306,0.000000,0.027735,0.000000,0.027224,0.000115
53022501,0.029875,0.000000,0.028986,0.004808,0.028306,0.000000,0.027735,0.000000,0.027224,0.000108
53022502,0.029894,0.000000,0.029000,0.000000,0.028320,0.000000,0.027746,0.000000,0.027224,0.000171
53022503,0.029894,0.000000,0.029000,0.000000,0.028320,0.000000,0.027746,0.000000,0.027224,0.000187
53022504,0.029911,0.000000,0.028999,0.000000,0.028319,0.000000,0.027746,0.000000,0.027224,0.000308
53022505,0.029911,0.016129,0.028999,0.000000,0.028319,0.000000,0.027746,0.000000,0.027224,0.000393
53022506,0.029908,0.000000,0.028997,0.000000,0.028318,0.000000,0.027746,0.000000,0.027224,0.000228
53022701,0.029908,0.005128,0.028997,0.000000,0.028318,0.000000,0.027746,0.000000,0.027224,0.000220
53022703,0.029951,0.000000,0.029025,0.000000,0.028323,0.000000,0.027748,0.000000,0.027225,0.000253
53030201,0.029947,0.000000,0.029022,0.000000,0.028321,0.000000,0.027747,0.000000,0.027225,0.000181
53030204,0.029963,0.000000,0.029034,0.004367,0.028334,0.000000,0.027760,0.000000,0.027236,0.000195
53030206,0.029963,0.000000,0.029034,0.000000,0.028334,0.000000,0.027760,0.000000,0.027236,0.000136
53030804,0.029963,0.000000,0.029034,0.000000,0.028334,0.000000,0.027760,0.000000,0.027236,0.699155
53050903,0.029963,0.000000,0.029034,0.000000,0.028334,0.000000,0.027760,0.000000,0.027236,0.000207
53051001,0.029963,0.000000,0.029034,0.026667,0.028334,0.000000,0.027760,0.000000,0.027236,0.012365
53051003,0.029992,0.000000,0.029058,0.000000,0.028351,0.000000,0.027761,0.000000,0.027237,0.000134
53051005,0.029992,0.016667,0.029058,0.000000,0.028351,0.000000,0.027761,0.000000,0.027237,0.000177
53051202,0.029992,0.008746,0.029058,0.008357,0.028351,0.000000,0.027761,0.000000,0.027237,0.009514
53060103,0.030003,0.023392,0.029064,0.005405,0.028354,0.005405,0.027762,0.000000,0.027237,0.000137
53060108,0.030003,0.000000,0.029064,0.000000,0.028354,0.000000,0.027762,0.000000,0.027237,0.000268
53060201,0.030022,0.012097,0.029060,0.000000,0.028352,0.000000,0.027761,0.000000,0.027237,0.006260
53060203,0.030022,0.023077,0.029060,0.023077,0.028352,0.000000,0.027761,0.000000,0.027237,0.000232
53060206,0.030026,0.005025,0.029063,0.000000,0.028353,0.000000,0.027762,0.000000,0.027237,0.000114
53060301,0.030044,0.022293,0.029080,0.031847,0.028354,0.052117,0.027762,0.000000,0.027238,0.012465
53060302,0.030044,0.000000,0.029080,0.000000,0.028354,0.000000,0.027762,0.000000,0.027238,0.000291
53060303,0.030044,0.000000,0.029080,0.000000,0.028354,0.000000,0.027762,0.000000,0.027238,0.000311
53060402,0.030044,0.000000,0.029080,0.000000,0.028354,0.000000,0.027762,0.000000,0.027238,0.000271
53060403,0.030076,0.009804,0.029102,0.000000,0.028370,0.000000,0.027776,0.000000,0.027249,0.000228
53060404,0.030076,0.000000,0.029102,0.000000,0.028370,0.015625,0.027776,0.000000,0.027249,0.000212
53060405,0.030076,0.043011,0.029102,0.000000,0.028370,0.013605,0.027776,0.000000,0.027249,0.000143
53060406,0.030074,0.000000,0.029101,0.000000,0.028370,0.000000,0.027776,0.000000,0.027249,0.000308
53060502,0.030074,0.023529,0.029101,0.000000,0.028370,0.000000,0.027776,0.000000,0.027249,0.034372
53060505,0.030101,0.012658,0.029100,0.004098,0.028369,0.000000,0.027776,0.000000,0.027249,0.000124
53060506,0.030101,0.000000,0.029100,0.000000,0.028369,0.000000,0.027776,0.000000,0.027249,0.000444
53060507,0.030101,0.013158,0.029100,0.000000,0.028369,0.000000,0.027776,0.000000,0.027249,0.000308
53060508,0.030095,0.000000,0.029097,0.000000,0.028368,0.000000,0.027775,0.000000,0.027249,0.000542
53060510,0.030095,0.021978,0.029097,0.000000,0.028368,0.000000,0.027775,0.000000,0.027249,0.000238
53060601,0.030095,0.000000,0.029097,0.014599,0.028368,0.023622,0.027775,0.039370,0.027249,0.038650
53060710,0.030095,0.000000,0.029097,0.000000,0.028368,0.000000,0.027775,0.000000,0.027249,0.000576
53060901,0.030128,0.000000,0.029124,0.000000,0.028388,0.000000,0.027777,0.000000,0.027250,0.000205
53060905,0.030128,0.000000,0.029124,0.000000,0.028388,0.000000,0.027777,0.000000,0.027250,0.011663
53070106,0.030125,0.000000,0.029123,0.000000,0.028387,0.000000,0.027777,0.000000,0.027250,0.000371
53070108,0.030153,0.000000,0.029141,0.000000,0.028387,0.008850,0.027777,0.000000,0.027250,0.000199
53070301,0.030153,0.000000,0.029141,0.000000,0.028387,0.000000,0.027777,0.000000,0.027250,0.005550
53070302,0.030153,0.000000,0.029141,0.000000,0.028387,0.000000,0.027777,0.000000,0.027250,0.000271
53070304,0.030153,0.000000,0.029141,0.000000,0.028387,0.000000,0.027777,0.000000,0.027250,0.000194
53070306,0.030169,0.000000,0.029158,0.000000,0.028402,0.000000,0.027790,0.000000,0.027251,0.000542
53070501,0.030179,0.000000,0.029163,0.000000,0.028405,0.000000,0.027792,0.000000,0.027251,0.000234
53070502,0.030179,0.000000,0.029163,0.000000,0.028405,0.000000,0.027792,0.000000,0.027251,0.000190
53070609,0.030179,0.000000,0.029163,0.000000,0.028405,0.000000,0.027792,0.000000,0.027251,0.000311
53070701,0.030207,0.000000,0.029164,0.000000,0.028406,0.000000,0.027792,0.000000,0.027251,0.000209
53070702,0.030207,0.000000,0.029164,0.000000,0.028406,0.000000,0.027792,0.000000,0.027251,0.000430
53070705,0.030207,0.000000,0.029164,0.000000,0.028406,0.000000,0.027792,0.000000,0.027251,0.000132
53070707,0.030204,0.000000,0.029163,0.000000,0.028405,0.020833,0.027792,0.000000,0.027251,0.000219
53070709,0.030221,0.000000,0.029180,0.000000,0.028418,0.000000,0.027803,0.000000,0.027262,0.000230
53070802,0.030254,0.000000,0.029202,0.000000,0.028422,0.000000,0.027805,0.000000,0.027263,0.000230
53070903,0.030254,0.210526,0.029202,0.085714,0.028422,0.000000,0.027805,0.000000,0.027263,0.000234
53070906,0.030254,0.000000,0.029202,0.000000,0.028422,0.000000,0.027805,0.000000,0.027263,0.000444
53070909,0.030258,0.000000,0.029204,0.000000,0.028423,0.000000,0.027805,0.000000,0.027263,0.000202
53070910,0.030258,0.000000,0.029204,0.000000,0.028423,0.000000,0.027805,0.000000,0.027263,0.000347
53071001,0.030305,0.000000,0.029224,0.000000,0.028438,0.000000,0.027806,0.000000,0.027264,0.000181
53071002,0.030305,0.000000,0.029224,0.000000,0.028438,0.000000,0.027806,0.000000,0.027264,0.000295
53071005,0.030305,0.000000,0.029224,0.000000,0.028438,0.000000,0.027806,0.000000,0.027264,0.000194
53071006,0.030333,0.000000,0.029243,0.000000,0.028454,0.000000,0.027820,0.000000,0.027275,0.000236
53071205,0.030328,0.000000,0.029239,0.000000,0.028452,0.000000,0.027819,0.000000,0.027275,0.000444
53071206,0.030328,0.000000,0.029239,0.000000,0.028452,0.000000,0.027819,0.000000,0.027275,0.000382
53071301,0.030359,0.000000,0.029247,0.000000,0.028456,0.000000,0.027821,0.000000,0.027276,0.000102
53071303,0.030359,0.000000,0.029247,0.000000,0.028456,0.008130,0.027821,0.000000,0.027276,0.000181
53071306,0.030384,0.000000,0.029264,0.000000,0.028455,0.000000,0.027821,0.000000,0.027276,0.000151
53071401,0.030403,0.000000,0.029282,0.000000,0.028471,0.000000,0.027834,0.000000,0.027276,0.000173
53071407,0.030403,0.000000,0.029282,0.000000,0.028471,0.000000,0.027834,0.000000,0.027276,0.000220
53080105,0.030403,0.000000,0.029282,0.000000,0.028471,0.000000,0.027834,0.000000,0.027276,0.028523
53080201,0.030403,0.000000,0.029282,0.000000,0.028471,0.000000,0.027834,0.000000,0.027276,0.000268
53080208,0.030410,0.000000,0.029286,0.000000,0.028473,0.000000,0.027835,0.000000,0.027276,0.000251
53080301,0.030410,0.000000,0.029286,0.000000,0.028473,0.000000,0.027835,0.000000,0.027276,0.000298
53080304,0.030438,0.000000,0.029306,0.000000,0.028488,0.007042,0.027835,0.021127,0.027277,0.000195
53080306,0.030435,0.000000,0.029304,0.000000,0.028487,0.000000,0.027835,0.000000,0.027277,0.000128
53080401,0.030435,0.000000,0.029304,0.006135,0.028487,0.000000,0.027835,0.000000,0.027277,0.000159
53080405,0.030453,0.000000,0.029299,0.000000,0.028485,0.000000,0.027834,0.000000,0.027277,0.000263
53080406,0.030453,0.000000,0.029299,0.000000,0.028485,0.000000,0.027834,0.000000,0.027277,0.000298
53080505,0.030453,0.000000,0.029299,0.000000,0.028485,0.000000,0.027834,0.000000,0.027277,0.000217
53080507,0.030489,0.000000,0.029327,0.000000,0.028491,0.000000,0.027837,0.000000,0.027277,0.000502
53080508,0.030489,0.000000,0.029327,0.000000,0.028491,0.000000,0.027837,0.000000,0.027277,0.000242
53080509,0.030489,0.000000,0.029327,0.000000,0.028491,0.000000,0.027837,0.000000,0.027277,0.000423
53080601,0.030508,0.000000,0.029341,0.000000,0.028503,0.000000,0.027848,0.000000,0.027289,0.000564
53080603,0.030508,0.000000,0.029341,0.000000,0.028503,0.000000,0.027848,0.000000,0.027289,0.000589
53080606,0.030504,0.000000,0.029339,0.008621,0.028502,0.016807,0.027848,0.000000,0.027289,0.000215
53080801,0.030535,0.000000,0.029346,0.000000,0.028505,0.021429,0.027849,0.000000,0.027289,0.000184
53080802,0.030586,0.000000,0.029381,0.000000,0.028520,0.000000,0.027862,0.000000,0.027290,0.000564
53080803,0.030608,0.000000,0.029384,0.000000,0.028521,0.000000,0.027863,0.000000,0.027290,0.000576
53080805,0.030673,0.000000,0.029431,0.000000,0.028557,0.000000,0.027879,0.000000,0.027303,0.000311
53080807,0.030673,0.041667,0.029431,0.039216,0.028557,0.000000,0.027879,0.000000,0.027303,0.000467
53080901,0.030673,0.000000,0.029431,0.000000,0.028557,0.000000,0.027879,0.000000,0.027303,0.000274
53100306,0.030773,0.000000,0.029487,0.000000,0.028589,0.000000,0.027893,0.000000,0.027315,0.000232
53110311,0.030796,0.000000,0.029490,0.000000,0.028591,0.007092,0.027894,0.000000,0.027315,0.007080
53110501,0.030816,0.000000,0.029505,0.000000,0.028589,0.000000,0.027893,0.000000,0.027316,0.019111
53130101,0.030816,0.000000,0.029505,0.025157,0.028589,0.000000,0.027894,0.016760,0.027316,0.022241
53130104,0.030899,0.000000,0.029547,0.003922,0.028622,0.000000,0.027908,0.003937,0.027317,0.007886
53130108,0.030950,0.000000,0.029587,0.000000,0.028639,0.000000,0.027923,0.000000,0.027329,0.000198
53130402,0.030950,0.000000,0.029587,0.041958,0.028639,0.006897,0.027923,0.000000,0.027329,0.000178
53140101,0.031000,0.002375,0.029609,0.003115,0.028657,0.000000,0.027936,0.000000,0.027341,0.000080
53140207,0.031021,0.011429,0.029629,0.011696,0.028658,0.008772,0.027937,0.029703,0.027341,0.029088
53140301,0.031104,0.000000,0.029672,0.028571,0.028691,0.000000,0.027952,0.000000,0.027342,0.013072
53170101,0.031104,0.005348,0.029673,0.000000,0.028691,0.011236,0.027952,0.000000,0.027342,0.045805
53170102,0.031152,0.000000,0.029693,0.000000,0.028691,0.000000,0.027952,0.000000,0.027343,0.021116
53170301,0.031178,0.008264,0.029711,0.012618,0.028708,0.000000,0.027966,0.000000,0.027355,0.109397
53170303,0.031178,0.000000,0.029711,0.032710,0.028708,0.000000,0.027966,0.036842,0.027355,0.000108
53170306,0.031253,0.000000,0.029749,0.003846,0.028724,0.000000,0.027968,0.000000,0.027355,0.009858
